-11537195
-29815888
15020994
20696787
2304503
76281617
-40567487
-51910326
-41521474
-536356
59271259
16095448
-14497099
57420217
-34081714
53873101
36008556
-100087767
66814646
-58097854
21167608
58174419
-23738272
-33712619
-86192694
-36782816
-44145225
-4726399
-9713859
78791835
15480275
-9877421
-24598384
-9989917
-30454098
-23601461
57667535
-20323379
-15723692
-40391110
2147501
-98871476
-38365902
-43441573
14453419
-27669080
-60570137
-10730779
-25709371
-45984664
-7714785
116122977
21090187
-31659640
18656968
-72484297
-89801315
-58496725
77346687
59370171
-19969645
-3282607
-34632302
-19554151
5442964
-48946807
-2986505
69684878
-3472696
55105417
-55926896
-75039789
-74825093
25053659
-27012627
-2778006
13793121
71363014
-50821641
55064925
44838147
-3073112
15072700
-75730074
-22014849
-30086816
41881828
10315647
-52841535
18095066
-3897145
15460170
-4095123
20454727
-72491591
-118930310
20514168
32834225
50291283
62997919
-54413940
-68396880
55110821
-72503959
-24177361
-4363869
-32866499
-75602093
19503449
-18442719
-16767950
64831501
-53324258
-4098886
-7441001
-66849492
-66203637
-20476515
61619978
58177739
-48766805
15524533
15839187
-70436626
-20706436
-20557474
-60038711
99814247
-438945
100273358
32046658
48835439
34415357
-67539598
31902701
6260559
-29086233
34291739
31791302
-85539071
4019497
-8866577
40838092
15458665
76480642
22307834
-22034737
24505973
-20599416
-76656658
-41116019
-53202763
-21749819
4184264
-54157112
-25159809
-22358276
42656900
-13988536
21022573
60703812
-64752098
-63449562
-45453224
32111911
-50967648
54240186
96958775
-48571542
-65556342
-41246134
26138293
-8295574
-23901605
-25324399
-88914467
-27986578
85330435
5532402
-24187302
-22582622
25714105
-56652674
64144226
-67061945
-36650842
-52239897
25669154
7307470
48137165
1219425
-24858037
62688461
-17238997
27269155
-10262796
-6376791
3468101
64998572
73272950
-64915638
-99202748
-14030645
-39229148
119101737
-2244759
51423669
33512092
47618676
-50325524
-29458542
-51742285
16565846
52690441
16898778
8670368
64596019
51031537
217860
12086401
-22127115
-22011909
-90689818
52478960
10412260
-18217187
-64854561
-55999248
62053367
8781294
-32589120
17060405
1338373
111561255
56064793
-20903696
-8599254
31832304
-7336862
3808256
29578968
59342800
55367559
-31954553
-92405418
-45687196
-24172680
-32916390
17125573
2512332
37357953
-1772680
47351567
-73715807
-26862204
-11268248
-80411798
18853074
28989927
11146921
-59707624
-66774689
-20818807
43119021
-59361859
8646192
7070580
38805987
7167151
4904913
33900548
-50875657
-137030357
49202558
79240512
33346318
-83280846
35789734
8453937
78800210
-44792203
21911385
-12528792
8891970
6067246
22815154
-96730718
18895040
10705290
-1013221
26353268
-809658
-53699742
60478962
-78781171
-70208425
-11474948
-96437038
-12666955
70079923
-96695329
95767634
13253063
953293
63671092
27296257
-48076037
292234
-29850615
-64844324
15220907
-36461500
15455411
42682834
74297723
-23904973
-22639251
-39038448
-53559064
-13699258
7591272
-13249010
27371596
-58038665
28870398
-16023326
26455457
42621134
66710999
-34282454
27813660
-39023681
-24558979
58929200
-68674472
8609606
-19542331
-6664275
45868541
54170863
5324096
-8614731
53088676
-37004126
-87486862
-43561332
-3080272
-8484672
-88967168
37029796
-10271243
-23720624
-32094744
64442309
-40362473
3855908
-14883339
-13665776
44305505
-30819612
3099270
11218656
-24994259
-28936004
31417419
-21401829
12950567
-33162221
38795354
10877520
35804757
-46606009
53054464
-57537836
-31401553
-33737602
-25052200
-46925909
12248638
38620559
-67904411
-52227281
1957957
65149756
5401020
2906973
-6736334
59864077
-115640519
-33054268
42538956
-37252666
-37916354
-21782408
6447978
-72589344
-51753487
-66474989
-6296033
-36597122
-105385305
-8062400
-87120370
-12204514
-25258597
-76265699
51548285
-30857111
-25676583
-55913387
19403472
32048080
-43337342
5157388
-30132201
43188657
-75304556
-10489689
-15307808
-10146738
19175802
-31331585
-34118208
-23172485
-32614946
-28398253
-19536299
-71331055
-19708077
-51643057
-362336
-33222415
56741819
26062542
45773683
-41860765
-31314205
64001923
-119179988
-99363060
-27929473
11688416
50964467
15922388
245705
-12083236
-13324907
-29658932
23274654
-72131700
-55181194
-60999791
-61349505
-51683777
-50195411
52355037
-888822
10297206
71107869
84899365
-64426000
-22523676
-69518179
-92228803
-64495787
-17237039
-29120061
-25277503
-67724780
9337388
-30928247
16539037
-41793660
-45609317
-7785631
-38527325
-511587
-70423284
82608796
-26756850
-127031450
-14151482
9020180
27950103
-17678734
-72240163
-30963658
-94718899
26684731
6536092
-8196460
-15581581
-55289442
75884954
-26890811
-35313569
-10789473
-42557325
26995485
3372053
60451212
94591769
-9272288
-21130916
-62672958
-29483830
-37655562
38033492
12085475
-49654896
-40356667
-21460797
-23010635
61414668
3170380
105484545
-43506679
19906028
91462510
-49413985
-51436664
-12332627
-6655452
-11807862
-9941637
-65673518
13369884
83921711
30985454
57458891
-54805974
-18123903
-45833952
2646178
6843606
-7207527
-24806131
67623672
52425654
-50384006
-97388920
51282310
12028182
-46972443
-45880773
38449547
191016
28819095
-88404476
-26265332
-34459420
-21623720
-9574222
-47421328
-34574594
-41257395
64148338
5336719
16844300
-84359441
-90236479
62579856
-77547490
-10202237
-15995290
-66943862
45671466
5446102
29662968
-76178890
79408564
-54748622
-81147719
-42370208
-11816130
-74603094
-2631502
-111934756
-10486189
-35641763
-102692464
-67518100
-97601848
12998748
7710624
26196929
-27375822
-81590743
-61263482
53162523
-54798891
21154410
-26631248
-18241092
12407392
4994137
-38926390
-3920199
-66621075
7795295
-62298891
-35253942
17681778
44168075
3285241
-25639544
-48160480
-34915948
73239841
68775500
-34137739
-57484249
76095184
-13568364
29624545
57987994
-71022154
81694604
-802867
-23941905
26276460
-22115860
17218709
-34209720
47796133
-40761572
-441031
-653154
-34129777
1779842
55268511
34656209
-40454653
-45040017
-14593760
-36233436
33584015
47188820
16139653
-15071894
-89667740
-997276
-14671144
-13520144
-76566790
42590300
-33747389
-94040497
-36254626
-6197596
-39355425
13384716
31540616
-26913987
-69173531
-28123646
-15371693
8685722
39981132
67788745
-12583717
-15559512
-13081584
29736266
-17874361
-26498479
-6873806
-22693242
-34421892
63845120
-73096094
-7532623
-58928600
16594219
25097446
24870641
81004884
31716434
-58198687
19195698
49779564
-65070238
22019115
-40032465
-22813087
106400265
-48092244
-71877105
-24785980
46698485
-8167594
-2956999
-3811715
25864379
39135606
73073895
29100835
38273498
25577467
-5467364
-62907153
-120669331
-26980658
9748322
-30451944
52442599
7949476
54789168
-29513237
-25275567
-7963865
-41056740
-96251421
-5376718
17120284
8111494
89734337
-19173526
-31297619
22302926
-6629133
7922788
27489163
40440630
-27084851
44756703
-14766380
-64123843
-106879794
19680889
949248
13637578
-24219587
18780615
38608899
16212747
8488253
-54813193
-13140880
-51636503
-19737146
-16966623
-90232460
-23419801
-62876256
-2892762
22230334
8628405
-17572279
-858700
40231345
-1483818
-78676304
-26802174
15771393
-40789511
-25333701
64440004
-76961559
35539517
-45468646
-2526697
19285310
-101098741
-37126833
40293507
30134238
-35913834
-7795814
-44261718
5877187
-46905315
74850162
79137900
-4757871
-28775849
-15229569
19455867
-7933935
14288840
56078009
-27601171
-41490570
-7196568
-23502629
40307451
-6794877
-14650469
-62922195
45641667
-40016368
3873231
-3936515
33982592
-24466783
-25815429
-568226
-4911746
-31301707
21982772
-106827222
21892380
-11673541
-51167639
49141963
598772
-17545226
-22967504
-35983104
34441114
-36227529
2153923
-63386279
-46528038
-81004301
9294768
-1446972
-48417185
79876635
-31687273
55637101
6843315
39237658
4311478
-32845029
-43472939
-13055369
9270839
19741710
-87772100
-64875406
-718129
-31008873
-7305481
48643182
27628948
32814444
-20528093
21432007
16460572
-56133918
-27561657
4805539
-7368972
22112856
-10978826
20150840
-50236979
-27245120
48686108
75331827
-10180019
-71458387
-21909069
-98000985
15137771
-11649906
-1928602
-56004167
89391521
-27562070
35622948
-82917410
-45737556
-23823510
-9298658
61911084
31695113
4957923
-28879409
-4391527
14590152
45277294
-31311483
-10018120
-81174457
21344688
-67131664
-29269158
69672117
-22168916
-49145828
66994990
-123986104
50993062
10454676
15750752
-36291030
25847039
-23897499
17214685
-80675831
-13398524
14640482
6900284
-26195953
6459182
-7768731
-53777080
65027832
48445944
-2533499
5764389
-74014058
11587278
38293042
-71484729
50939510
29564153
21341294
-22348694
100735161
41612918
-86329986
-2435148
17345631
11634086
-15828459
-36464438
-20706258
29961247
-43964557
-43676664
-62886785
20907987
26063681
6403054
14654779
69155494
22673652
-2452457
-62324976
44487214
24396844
-34324948
36149339
973699
23633421
-35766230
-36606867
-16712167
-31036930
34123782
-7144633
55120566
30044481
-32316142
-27133411
27183742
9039461
41673924
1814859
-26395071
-21217336
-89878214
-741166
18283482
-66962809
69030176
-38819940
1978484
-24673781
34414771
44160007
9987587
-4254253
-50010451
-21841554
-14179744
24211175
-76008478
-11388541
56305008
12206479
66480159
-4326904
84266327
45683874
-25089518
28146791
-108317882
11808032
-20759805
14207492
-30366711
-54798515
22634015
36741062
-17334458
-13853664
-49360753
-20570349
-10839216
-48244591
-96263280
85902099
-13421375
-36867130
-86111544
-11213544
-73744150
-51715793
46380828
38770206
-77648140
-77254697
-67887212
-49190301
50662529
-9252048
-19443661
-10983148
-82478382
-8564390
-50156757
-8609776
-37037920
-31209850
47909459
22176807
66601864
28468541
-33195456
58738084
-2988813
11140288
-72946497
-1948153
-26376634
-19876806
-83716642
-26811709
-73133181
-17947351
65615545
-86300084
-22591337
-77694835
56738488
-50985764
-2535949
-4432065
38733672
-17417341
-16308654
-63412251
54235060
-48277613
2637963
30687365
-76055196
-23354002
-829711
73019987
26145494
-43134720
-12939681
-59397626
-21811311
-25999417
-112204778
-64468180
-56747323
79988696
17276575
24002632
-58362231
-28077895
17814739
-30297142
-32484737
41426810
-25981017
-47991842
-6043867
6848806
28501829
87441591
-73959049
-67677372
14973916
-19554928
4612525
-52865824
10950994
-41688219
-67714005
282868
-80107616
16594939
32480379
16090486
42624664
-37898019
-50130927
-38130945
-4654461
61609676
102779493
65539516
16095869
-16499026
-15948068
68142434
22559791
630024
9821770
-57015411
-20377551
39168096
-7766090
-16401382
-16251380
53372486
-27558274
30757690
32612400
-44435124
20700095
45724589
-15194337
37694217
-52228092
26904956
28875913
-23324079
48981151
-64045818
1865200
3182000
-1996471
2928933
-39168184
-1515659
-44150090
-17386204
64708283
-23384983
39248945
-82607813
35884628
12784622
-17633501
92438534
39537185
-64814981
42298407
-36184271
-27678215
24515779
-430723
-28581509
-65449620
15267876
-2085592
-55188634
-3301069
63325396
4024583
28949861
-44211648
-20453917
-90972937
-32213605
37101039
24249963
20722048
37412558
-6998207
-6432849
7816518
36267642
-13964268
-54854980
-80553929
17853045
-54112143
-24087470
-27749548
-16944560
-2163138
28052497
-48225473
-43063725
-98776295
77897304
17760659
-10978894
570365
4669652
85570852
16874908
-91133292
-33378376
2270435
54875426
-36796395
-90298476
-20534590
-44470694
6370531
-63393049
-83204178
27159347
-36496785
-91797940
691019
-27510781
-22694530
68698380
-11776503
-16136309
-49381313
4454479
-44734231
-27635476
-50138061
-683745
-47589272
16479988
-41109083
-14066386
28475427
-29722852
-56209630
-15436243
-39360910
-69862151
44321075
38269336
-12108120
53995941
-48952783
-103931614
28530185
-65932398
-57274389
25116330
-14159226
-51204280
-1436774
11868475
61396863
-47002098
-25003239
41390986
-49661707
-55476903
47037555
-63177587
21750752
-15717969
85472066
35430520
27789664
-45693681
38459697
62997294
-42347736
39639252
-65681785
14563056
-4809628
3892054
47017417
8566783
51685833
-24536029
-24479582
78570694
13887169
13793221
24763315
38219454
-24054500
88873768
-1700680
-120216383
22601707
-17088202
15805131
3463651
18140370
-37230077
-14138182
-74873755
-24455252
21608460
-12965873
-87932772
77210497
18419762
1647647
-9305503
44830731
51387917
-79611557
32576994
52738058
15469348
72795231
-34004607
-85891481
-40492110
-21172005
-16879024
21303280
-75817595
33906600
-31980261
-58902073
-38554170
-16123183
-48163985
-16104973
16838438
63532481
-4570659
41799298
-3679776
35109612
10307030
63479990
1269773
11930184
9100304
-65368292
-27864847
-16307535
-59539467
-4380664
58640022
-69603984
-41781810
-44822609
19175195
4333038
-52134042
21831841
58999041
27228407
60239082
-17280312
-33959836
-6716737
-27492843
-12688620
80528017
-46164225
50213331
42138371
7667504
34629743
12556001
-12468428
19475508
24626167
-118699570
-67479319
-22830268
-20993591
18682623
-65572695
16269214
-52397523
6763730
-35938038
86338340
10154138
27104885
-1844510
-21641242
34855127
-6180344
-81379261
-32456353
-111659422
566437
-5907837
77017754
-11348240
-34012281
-54956094
-20073318
2597242
-87331739
54483893
547519
13776386
-50753185
19493927
-31957693
52075497
-13116015
56075781
-574179
-15306070
76629644
8468256
-50931579
-26327133
67593673
24602698
-83881341
-84160757
51106266
17854466
-17797279
39179744
67912685
27649758
-10342202
7134663
-70216143
-61106127
-47421903
-68614631
-3355612
-68883406
114944482
-6080886
-26845438
4414697
17435067
-42132637
39883617
-1411326
-24183762
8303035
-57717372
36560307
7109293
212614
16556000
35898477
-36193669
10259742
-72992800
-4330538
-9292889
2284202
-21154722
118218784
-43200439
-42715027
91997227
22587097
-49872674
-49277638
65245139
8965133
71723145
18919923
-43877782
13714245
-29937696
100953680
70440322
15631553
-56477764
9204223
-18768892
34506175
-23048455
34946637
-70617987
-17684979
3219073
-4000367
-36906634
-60799060
-43478993
30458134
-41404697
-53327321
106150885
-86736046
23348647
-15817415
63722957
2942938
-65219361
-88922359
-12921947
-1671120
-14412428
-32604644
-8269593
-61820600
-25230763
10637665
18486566
-4468645
-67830129
25115941
-84455348
31712224
-85820172
31118214
-36803597
-41047921
28339966
-31394544
-22733507
18667971
-60117338
-111933797
-110629919
-9652010
29775240
37658127
49790685
38277616
7217679
13182714
-4187369
-29703362
36867736
-51546782
-92384996
-31007690
-11497934
-20798825
-57017565
-121022764
-61931418
11803788
-43668109
-38511904
-56096816
-5211897
28820618
-12532618
45147694
401922
-55154929
-13014200
-73603827
64387853
-111297195
6207840
-7906112
-2973838
418013
11045489
30647358
5417996
-55727501
-77125655
-23193012
-35613374
-25944272
-47659895
-84965027
18007638
-45737220
-2939532
40521713
12879167
6206404
56223088
-43049864
-1618856
-15458010
-38291441
-72628281
-67690037
22378905
43017867
-30683907
-5921731
-76546478
-80773156
-16790701
-1439700
-35135047
10137072
39011394
-67183151
-73657804
-14751491
31249862
34341356
21959101
43538202
-5648491
-2854276
-38750295
30159902
-47083753
-29304431
35382238
77340518
57198093
-4099051
4713607
-40123875
-27665402
22499295
8559186
27583084
-20141505
-50159637
17246579
59959202
61706868
-43264710
56924475
6676567
-40241603
79398876
36546248
-90921296
-68587399
-33210122
62779734
-41051051
-34702763
-1770167
5081908
-7988101
17873947
-14123268
42838297
-1482271
17919165
-15482518
-1869795
2889510
-5198254
89080777
-28155160
12220933
22760230
-22937045
-30975771
56805376
8599737
-10759700
39063178
86297065
44974224
-22073008
-31944245
-69718545
-13105072
-14741877
-62123359
-46988221
-8446029
-48127868
-4364709
-68785047
-34801473
-12199003
-20060262
-39398910
-35417407
1919214
97081847
-11594305
24434419
-37845089
-803517
-34001062
15929578
-27642022
81196544
-54933904
23016218
-90209345
75314668
-32537709
4815578
-8646178
-80734985
52278523
13221354
-8117971
27226066
-85985256
-53531278
-75949942
-30810112
28302049
23633460
307170
37894780
30628337
-35438220
52285289
-13346831
-6897340
4600420
-37778746
2086773
-37647182
-86008320
16431527
-3034381
-18588488
-18174552
42763783
-18981657
-28412495
50478806
-49370055
-5885940
97694550
70964323
54166271
-87429994
-8122285
-16977068
-73400512
37915782
21549579
22288622
7168015
-26733851
36768059
-18531299
14069960
12784708
-23475159
-12786677
11147777
51642507
-14663896
-113885256
-28921591
-18588654
1534131
29209390
-7009769
50340690
-14120610
82367136
-93901372
-70095125
27180744
-2872732
18617396
-44431808
9954931
-18825454
-25761102
-31409378
-25370667
54719327
11234916
-16191946
59488984
-57265728
11238536
-55230672
20442329
-76847665
-24092914
7278517
29669700
87400187
51178528
-7673150
17224684
-63064586
54553573
-16440827
54720626
-51073971
-10472381
-14812437
-15685077
-18422057
-47455454
-108548504
18467402
-14769528
-15496655
-78682053
-53268648
-6222649
-6565286
19470879
-2519828
-16830279
-73860331
-51779901
-109149086
-10434669
53987923
60809327
27641195
83575944
13170781
64121233
11137594
-2409588
-57303897
22068270
-101920491
-25221070
-12856163
48184911
10860681
50744291
-20529418
56453364
-49253940
-6332920
47476221
38814246
62452122
47229009
38054814
71617188
21356610
-62826700
-6241968
-28662083
-46045920
25382678
-6028012
-18617083
-32429473
-48097021
1390571
36751275
-54806500
18228897
-28663249
63668252
-26087131
69037600
1482546
17594341
73649303
-82999084
-19893840
13698746
-24617305
-79715993
-47656236
27519265
-6274525
46385023
53739210
-69139692
-31085508
24655698
-60400891
43092865
31559135
-79197038
10001845
-48920597
12142220
41616362
-47693984
-8429225
-26161239
-9075980
-21315346
78217875
-6643799
40545377
-2735150
-6832989
-57572494
33514160
-33021212
-44991893
-38842350
53533584
-11784705
-16165953
-26808074
20769856
-13078717
-587082
-41220148
-21737140
-65362474
7319954
-28470018
-28761293
67816826
65325125
102392184
-26335926
69319981
-85273531
-81150881
31925122
2912589
70944912
6983565
-9540136
8818311
53620757
8188557
15220388
3829228
36281700
32170255
10353035
-59801701
-46116469
-24492863
27411850
-26197442
-28313858
26000234
-17206211
-4956741
-23033124
-30793698
-103165413
-28718602
5140826
-6493133
20482158
17935895
14041084
-49819815
-31055607
34197343
10484176
-44130723
-43704050
-37167088
-10251314
-29508569
-53665417
-30237875
-1574805
-33796115
41194596
-12443785
30985768
-7059440
-41398804
-52135400
14135032
-59059052
-40206297
-16081911
-28659884
-31539566
30359970
-51319474
27405931
-91001409
-6443199
-2719657
62502504
81663215
7752962
-47935285
-12224422
-16132408
-7192873
-36101840
31115625
-29856407
-25181954
86322895
8759569
-42684093
-4500200
44165663
-13946021
52461810
9544332
-101682767
-1120745
-52151236
-2914246
30113019
6061546
-36267905
28654969
-9530873
54890086
-20669373
-30900853
-937487
-62342474
-1122279
-69832183
22538051
-6767016
31945995
50176965
-59110797
-82110588
78173867
4465607
41946414
-18527454
-36589265
-13405792
15749694
-96982746
-16732364
-88715991
-27989607
2824616
8851923
-27080172
-48968634
17270156
-17283692
42729432
53118495
-33381682
-50630843
105697186
-32553079
-43682498
47509520
-42266766
38006196
-105352958
50736365
-78284381
-29962737
-36920534
-3743550
-43501685
-10528159
61859349
-25598598
18381517
-10469903
-29757122
-65351086
76238962
-63384616
-60708927
-12293574
-58942002
-45642166
23659554
4850952
39748048
62346632
37819829
-104786573
25354968
39192389
-10755482
-13249502
35230275
79435710
-21907363
78028223
13835685
-2961348
-103827656
-5789233
19216916
-61966907
-6847356
19826591
-50369167
-43486065
-893689
21364832
-115243298
-34768805
58606660
17968990
-15375731
7532834
20092208
29809790
-10109077
17172383
-74424582
-1087018
2947053
84604914
-3350509
33561546
-19640981
-35356294
51304613
-1847333
-7249966
-55263374
28774489
-57101427
-40307953
-84149787
-26170660
-50079380
9781900
-80038710
-3797321
-56219639
-23965559
22856165
-4189149
18435209
5739573
-3443419
-4352975
74162820
-111138229
27600085
4664106
5913618
14972601
10969670
28850600
5051343
74462649
-71979750
-25178012
-98778201
50787565
-2128440
60998124
-48015101
-20125289
-47311370
70026998
37812167
6438720
-18760569
5439516
47402444
-45240395
14203384
-41533520
-102720021
-10614754
-1155417
-14981892
32369393
-2329334
-6475123
-70131138
-51547988
-56503046
-114156643
17083447
-23887302
-51298038
-79819267
31489765
-37450662
20474210
13619341
57361363
-85361230
13689251
-10675369
72979137
-42733124
44312333
-3967868
6776282
-78993618
14145275
6687009
-43363278
-5691638
-12411437
46580796
31786970
26277805
22088889
-20712873
18992741
-5458345
8683672
-9071697
11063773
-28374424
-21777108
-36920860
-44075682
13239126
-34399816
-15730837
9266672
-90148980
1356983
594226
-71034134
-51745357
63706317
-57039182
-35641957
-37035247
1880236
3354686
29233208
-59535971
-72251941
-82203575
11516565
-11542745
-11086989
-57471338
-3946859
-12829221
41084462
59729953
47836927
-30196824
-56960563
1612837
24226570
-53207144
-93980213
-35899298
36731428
-4622290
81105540
-38371243
775834
4396989
-34185638
-4103284
-54599565
-14803388
28429461
-13540532
-40957283
-36866015
-3846333
-77683149
-29606758
-41547316
-75786745
70037595
-5822639
77127029
-95347022
-98563077
-14528990
70447418
19655325
92272077
42140111
-11270818
76441913
-1507852
33926378
24500683
12310457
-23581572
-7422494
45108401
-64101858
-18767809
-101695796
-15731925
-78445764
-52532349
51324751
-54216362
-43560435
30741235
84489235
-12471602
-110527387
-589171
-2896285
-14495092
-19693250
-115149259
-23899266
63960160
-8774043
-57705762
-65867784
18249518
80105599
-8482334
1522878
-131022641
-3429129
26202174
22891212
42749893
7991696
9011574
-64826467
90993577
-5041121
-28661469
-50747197
-28055266
50655484
-3805328
-73647839
-20495739
38620155
10314647
12272338
7603278
76693165
-18146649
72314135
18418177
34778549
-87872035
-33781263
-26747473
-35463221
29458145
48491767
11568558
54756885
-17903553
-29778741
-3028821
64185654
-72834790
-130641474
-56326426
-63217956
-28788225
7974596
-28748218
25736727
32350146
-7489740
4319795
-38231046
-58375385
62945117
-20697649
28761725
16317057
-81501704
-23690478
22016091
16782469
17463113
-598214
-6725126
-56966354
-16841750
2042959
31062701
-76809691
49364701
-31906337
19076208
-57642892
-13099972
45680858
56788750
-65993288
-15428056
-33150288
-2065120
2614444
3452368
9678261
-30180043
5341636
-64002406
-55331009
30014872
-50092928
58763998
-48893366
-24625720
60134504
-27993167
-45548227
-87342364
2085783
-37034114
-52955435
95915704
-66077658
-19034539
64562477
-58286347
26563962
-12312971
76703968
-15563866
59891187
-67996642
-62041600
56773360
55767714
-15218391
-20972813
-19973323
51026308
-15222748
-2576264
3075791
68563969
-13206264
-95051208
1315296
-18007008
-18486413
5526237
76292571
16421434
-23066787
-24061727
-91916185
8751443
-11339782
89030638
60684395
-42482322
-42204649
-59360119
1516177
44387852
8217137
28219949
-14532228
29592877
48004683
52160788
5804029
-29215170
-23569292
55994843
-51619652
80804548
-38286979
-65876835
-59309092
20454591
-16030332
-66591504
82656206
-43104841
-76634236
29720705
23462645
37954224
-61869876
18780071
19634133
-4962496
53662921
-40776505
23175475
-5324107
37770433
16316402
-5121361
-38485903
-19176515
-57891795
-5982350
-83180905
19118168
-5122434
-48127807
25735945
78207386
18813989
47617808
-44627249
2957366
-35157709
65563473
-29236545
10795704
-69117080
-3224368
-28287573
12305501
-68581572
37251998
48165942
15928183
21160435
37115686
1068218
8064492
-38828915
-12570686
-69333202
-37524076
-67098966
-35536621
-7598797
-44830727
46051341
-31066451
79853542
-87544889
-63342812
28299196
-1051900
-10984928
8768164
-37449328
15543448
-12140957
30810444
-84854952
-22685773
38768706
-50902004
-4417073
55481273
-29762616
50720556
-57191513
48236001
-771594
-8713268
22780663
-117963407
40158673
32508563
-44149419
3986098
-39696306
-46049000
20542249
1473368
24490610
-54133130
-49471283
-38969708
-25523955
47052652
-66554212
-17003460
-6748789
-99477534
56839510
-2450844
-42637142
19856277
69916406
35011688
-5979824
-8535454
-48181518
-85402697
-37384719
-34343243
-67327379
-39361936
-34226584
7397542
28589549
-39744149
-21461496
-37181501
6022184
37565530
35456335
8265632
16543181
16255176
-56298862
41156727
-65870126
16201787
75071243
-40504618
67502073
20194524
-24466270
-19448924
-81352350
-64631932
21400849
-43670583
-1684082
87025698
15781459
-27446205
-105808462
32210289
-23425271
41532361
-97326281
10695251
41910498
-19995942
54651853
60978752
-58890606
13772877
-73540842
-19404384
-6666972
-72221959
-20934512
-50623623
-33603650
71134132
72656851
-48495466
-24474662
7918884
-41536337
-34250394
1604149
16998706
-397088
-33602883
-27904242
-20646422
65286969
-16417722
9702961
26366050
-7398094
-18692395
55110522
45548263
-31812245
-62244561
-4704487
45186796
-110606753
-62996926
-29663949
-28126034
-65357871
5422170
54307055
-39610594
-23847131
-13452268
-26955507
28174516
36694218
-63464413
-17442467
-36704995
28058829
50099156
-68365715
20593326
37442772
35755862
-69479839
-12678449
-84264837
-27984447
33561566
3343664
-47636184
-12114594
-46686667
-4968942
-23073078
-60718566
-30882287
50523134
-12013768
85369747
5480433
-6421382
41682107
8505732
-53673522
1833274
-79119893
5107278
59809352
-20227913
33253006
26279324
-62176818
7005810
-20393109
-30073060
-24250046
-68679907
-93736823
-56244
-11088790
13993326
10160592
-55330135
-77423933
10034198
-35858835
-98933859
16745464
-59843641
-60489552
-27612020
-59263599
-26719070
-20413580
51276210
-61363552
-15706124
10990713
-48466781
27940301
55725638
-60113730
102258473
-59607115
-17081751
-42543374
9370037
-14413988
-26199650
-139899022
-73123910
43872561
-20751486
-14718311
87100268
-34204271
-77005633
9718832
-42418209
3789844
-15180349
45804626
-13013004
-39591578
19213052
-44958461
-33655279
-50721654
-33800184
-74000010
9015100
-2590800
16952982
-21962884
28943032
3718454
534100
-1122070
-35269544
69472020
1766779
-32860128
-21034676
-11114201
-45097034
29775609
-40491874
-59625044
13271001
6756810
-5381184
-22774695
50353150
-85030367
59291907
60314480
-20534430
7783216
44722875
26496642
-17713520
-61809664
44444282
-5523928
-33819715
46319445
1853203
-10795212
-46292020
-71378117
-7776108
77042105
-84586323
-7582170
44342259
46466373
29027414
67075117
-6674084
-20507209
-31056954
-15166733
-17941757
48013371
65393889
-54093476
-26421723
26054701
58468496
-8970744
-47131207
20016699
-58762685
-13441113
-28167104
-61591777
21199820
43928942
20830786
81526844
14701389
-44128525
41619101
20265951
-13000729
-53066434
-3647463
-3093018
-61759067
-29500510
-91402513
5326589
-4714368
-78039622
-29053956
27619844
-31170356
48149162
8166336
21224809
139184
-125528907
-3002293
23120248
-37170674
-92510119
32983809
-79176250
-990250
29574583
9530107
53885203
86632426
-27066900
-2612755
-71711039
-18362339
-16153427
-39489985
-34952559
40272788
-16895293
-63745007
16086905
50840851
-37352864
99391399
-20381559
40836779
11841056
-19267850
-96978270
83709093
-16400812
-57717433
8225180
83692873
-26007883
-33587763
8176207
9547594
-35022855
-18884414
15444381
-89358741
-80444551
-49045395
7288577
-17868880
-17658706
9662133
-54940849
-45033112
17043741
-50699190
80327273
-13512261
10500478
-92135081
12619890
-25084986
2908992
-1777290
-50512042
16852919
2134810
-9472371
-63199684
38839680
-34682058
-10057705
1938391
35049326
41005731
22137551
22412038
-58047949
46407752
16922716
83859247
42063729
-90790691
-4335802
65121652
-24363600
5579557
44485186
-91689024
-62102853
-4155920
-73565418
-27880166
-14869505
123738900
-34534210
-6973012
-68200873
18089155
28229732
-5605362
-101000734
44266115
-52831370
-100187500
-72057875
26112779
-11363279
-29552342
-28270025
-53436538
-7648360
11385764
15836904
-82929955
-89763918
40759658
63204308
50621545
34198866
78425359
-12638642
54347930
47540228
-51832737
59646715
-32397990
12555447
7040115
48214820
-19661163
-2469551
61065808
-52019390
30359380
-62399843
-6815069
45638493
-67200141
-74682378
29899601
-22287584
-54732519
-71711232
46226479
23799018
-33771947
-10118731
-12476520
49196549
29626971
-39521471
-28149184
18594522
-3450913
-80251790
-7565461
-42253979
-18545188
-5749766
-29524555
36391988
760776
21237845
-37621169
17727731
69715937
-4739870
-5091636
-63690742
44595716
62220505
54415700
-66685720
-68152047
-85437575
-24695709
-72909158
-35236319
61850334
6183839
-21342570
48597956
-22552746
-9667181
-71350078
-47058752
-20055337
60844824
-24387731
-53290864
-43645257
-8646098
59908035
-18877591
78296759
-66729063
41800920
11111173
-24136805
43695451
53198747
-61541388
14265863
-3394352
-72220594
-40791462
-30169667
-4493839
-14518013
-44756947
69478828
37952343
-16690572
-46622919
-91913135
2788225
9550202
-45632058
14805529
-26862351
38499860
-16298723
-28197770
-73840407
-20053600
-55332468
-43848940
8745575
31872687
-32767872
-25610785
-14988010
-2022730
43227990
-66399528
-38579803
-46426033
-13067055
28673236
-11313822
12265777
-14896157
22705090
-412925
59270481
14542742
-36702271
26151668
50808095
14929069
43108112
-71978139
-43852563
-14082694
-16467847
-64368709
-3705754
52804641
46265143
-58456212
-29820379
-30971516
-5039671
-94034541
46571352
-63096124
-15921728
-80494664
-46763688
-61477968
-15210678
14737784
35279964
-18052863
-28694903
55477350
-39915677
-21952190
24911610
-53210011
703198
-3953946
-10985121
43095824
84345179
-63853778
-10227096
48016367
-71112923
-13195569
-34422457
-20103857
-48078805
-20276741
-58521586
-69698452
34324809
7723652
-106297629
12130886
-61936521
-9341135
5898605
-7164185
32822324
24868069
48730350
72589853
-129471115
55674313
15549146
-14001621
-55193387
1806518
-18572272
-89671444
30451477
-122553549
-37911607
2015721
-38067432
27237486
-44359754
23646289
67833102
94233179
-38346941
-9424601
-55752812
-7690638
34714699
24963738
-95704139
13070676
-36986644
-44235334
-81451877
33503138
-17976880
-17236411
-28163057
42683951
-79520416
-34142939
-20562742
-26087111
-43191718
79063955
-3737205
-46122462
-64224524
35965218
-15084609
-23570296
14178459
-57118110
-25163529
75899732
42239797
-27874253
-37664480
-24384245
6748290
-2759167
64163589
-27628944
23269864
60178663
-35026785
13504695
-1643937
-88167059
-66355491
-117419129
48453314
67877590
-10382826
-3266409
-42084747
16436793
-82807698
18431406
50283552
-82874063
-11712132
88722404
-9987411
-15424173
51912809
96585795
-47057101
-47188650
2432911
-7533762
-7532761
-9182055
-25614863
35969631
-44229975
-32974028
25857682
21933978
-9532588
-125595579
-17432940
3567244
4025090
5452748
-31003015
53278770
-10265962
41256281
-30215194
99170876
-45046714
-53291225
-36552868
-9822892
34405048
24359618
-11476360
35438015
-58410961
-58609608
-101186262
-4267228
-50012871
-53577445
-81641342
25290881
-9922356
-89698831
68956684
10027474
-9582660
-16773324
-17122379
3251965
68769578
-24817210
15511789
-60198869
-116742646
14702111
12994113
14598715
20251096
-15315683
-12682323
-74736708
3421165
-45679584
8174360
15178704
38689676
26608158
34934041
17772272
71282825
61972362
60380456
20711500
28287284
-68723486
-1029038
-86973798
-82628056
26857620
-20319741
61127997
-63373348
-22536005
64865543
8259817
-72444636
30088068
29798292
25184430
-32836408
51658953
-2729645
-31585803
-22182498
-4645258
-47601993
-52351341
4739784
7067257
18369401
-39909660
-14097226
3626278
-52780906
-44307548
44642083
-46593645
22560178
-25063703
-9599814
-51345485
-38216155
-79961992
-79118001
-66273807
-29823007
30873836
22473797
-9826363
24393515
-48816845
84996707
-67883705
-33720688
7431233
48204841
-46217748
36932353
42908637
18448562
-6941659
9223002
-49823096
69247902
9108072
-34070439
-57738072
49212064
-69636475
10974752
-26928086
-34948201
5149874
3622127
4527417
-2781832
63664355
-10746137
5418410
28541832
16979220
38110781
566882
-37680069
65857874
19932927
-59766771
-82937746
-18797690
196998
-13194280
-43383739
7904929
37506011
87615
34711457
-32059674
32487429
-24856926
-21074931
-44863745
-38082420
36004554
-56998509
-25036127
-49100315
-51321100
9942892
-13035835
18548510
-58880338
-43155425
-15637372
-20648837
-10941061
-98565474
17370624
-43540930
19299950
49840101
22826352
-16701068
2628540
-71996642
26434130
-45077401
-29772478
-72459511
-13097425
-12203662
-21002902
26024939
-21542540
84173147
-68901289
-100560225
-33190133
10404356
-104832261
24803894
30786524
-14034325
-53327151
-119922154
-42995161
4805414
-5027580
7103499
21473357
-43393947
-7236669
-53649567
-40214665
-43461495
55829529
-48099653
4787937
-117857544
-42326755
-43053169
3710987
-20130381
30856790
3001645
-73845992
34477257
-18632345
67388984
31609708
54166947
-83172092
-33619600
-2387238
-49455288
-51399573
-11844645
-65169827
4453787
85515176
-70065778
-5466148
197754
-21705748
49352875
27828710
57374850
-83202612
-47098110
464801
-9129193
-62018945
-60096280
-38285414
36821698
-2745750
-85053046
-20200732
46203806
30266096
-21576206
-39847283
-65184344
-65516187
-30722759
-75567503
-48512114
-24426752
12343718
56422901
-45682733
208647
12768578
-27915040
73177957
-61843391
-2056613
-8547602
24268642
-2984809
5454066
10203617
-42429442
21596219
-12621931
30005031
-27609343
-89433625
-23533182
-16561294
-6447279
-40344122
54339296
26218998
711316
50485014
20973742
42292090
-55652777
-8316926
-11144067
-70473347
3586682
45098494
21874405
-59751791
-37009
40290064
-46280711
-29017329
106412472
11200839
-53037332
77544706
9201977
-41389143
34843354
-55879928
-30803393
51071163
-55251657
-66448484
7778971
17860550
-32882600
5828177
-2171802
21336021
12711581
-77287448
-17323527
-36879688
-39907915
-3932446
57280268
3072635
18629291
5276053
6872208
53829953
-104086419
-69596047
-55577473
16154250
-40530990
30215849
-78837999
-744611
12332137
67084454
58718559
13978899
59317884
-819585
25988993
7759553
18609017
-12703556
-34681371
-65421810
23688325
59178739
-22977478
-39687404
-57379177
-72266883
-50349468
-21289233
84552280
-36419708
45107415
79443854
8031501
-5553364
-115034741
31980980
-45109835
-43716089
-65584015
-50816840
52700885
-43331243
59988376
11785900
60313914
-45400596
7538205
13654918
47834629
-39054426
-95632231
-13417295
50424778
-91092306
30114686
1963152
38444784
-123391908
26542970
24499443
-3113859
-24919307
63758844
45602728
-37776940
-8687838
86357907
-1487278
-39283067
29705724
-29466547
-3061622
-40644063
-56175362
-78132584
63760332
78457744
-8965433
88085620
92987586
-16187404
-8924325
14588608
-1629703
-23976243
-10974827
-85705950
6246049
43339173
39623915
54189059
-10852763
-22576333
40782786
-46173420
56846012
-65729389
-13002286
50314472
-102384583
-46100325
12742980
68626331
9104765
30851611
-85517173
50376037
51477955
-73347028
81399886
-8833940
41575537
-50410452
-91438239
107770598
-18649887
53741740
25495780
68794587
-93446113
-25977279
-8082442
-8210431
85160455
-67506504
-13639673
-28992628
-45257925
-66228629
39864126
36954094
-123385630
-22247837
-55175535
-5789782
34294073
-42457378
12574164
-102660072
-65594273
34574932
-35500861
11766384
31316967
-31483501
-12246971
29059221
10577244
20270472
-5550672
50461666
36646422
-31278162
-70047887
20354377
61291437
8865292
13740711
-29322944
-7905088
22366203
-38015174
-62155214
-76284095
-19085707
-15629751
39429879
-16346343
84711511
-67192258
-4027691
15651892
2151921
-40285061
7156694
7838352
-36278467
-25832745
-118331932
-36169059
12344166
-67714538
-7559464
59722649
-5417034
-59548967
-73342333
47543270
7883496
-93252467
2011656
4692210
-19586822
-76368078
-35843348
22016444
-14407926
8718386
-109629736
-10499385
57050419
2388820
-65606515
17055694
-5746889
34550205
-41335572
18263309
43602250
-60090216
-43570766
-21137109
9780403
19450772
15454537
-7491662
70391865
34087371
78564813
-7435992
-23897943
-20419848
-22244868
-4593634
22090398
31689133
-50673957
-79835919
-38925139
21826269
-65180370
40320698
-43523241
1351998
-17278638
-5789229
-35067203
33391062
-63911979
-16788194
29095492
-36337591
37576985
45965946
-29455709
23945816
100213839
48433145
-59536495
-70870642
-12238042
-902286
-16503965
-1993063
23556028
42798628
-50072042
-31164762
84402825
9775168
105044216
-25059092
-20359085
-42176241
-28370759
16608910
6705550
-31055828
144636
51815100
-7243294
-74380388
-101978497
-10641101
37786739
53093839
6975119
10964241
-4737407
54548189
-66619964
3512
-74510738
-9240467
-11777180
-89499046
5794193
-61607058
27498274
-8679609
23348371
-39596457
-34595226
-98513433
-15772629
-18080647
-69331891
-1516483
54818793
-64761225
-42751640
87718740
-85403991
15840407
41359980
-51999331
-45133351
-89799070
-24576409
-78362873
47054173
-55797597
-75495853
-25732909
12562313
-59941908
-49768492
-64139599
20507974
-56659992
62776373
-49642873
3441825
49597569
-31791208
-8817291
-42790709
6893927
10693272
-32746853
10432940
34810206
-9959311
-21412370
-47208318
-31265937
14308526
46485368
-19207689
34565197
18930325
-24394184
-61812899
-4037529
15906736
-25353725
-12505847
-35803662
-3180232
33628817
73962525
-42299809
46846550
83672127
44836682
-7574498
-27160943
51880592
43447548
-128192416
-30711273
25887761
48000032
-32012793
7890131
16561389
-44778858
7254336
-74602005
-73621363
24537464
39898921
70148164
44064789
-20168074
-44731839
-21564634
39089921
-2716880
42188028
55230611
75562973
28547592
40676655
-33836117
-3505874
14569059
-45142590
-8331167
-71960297
10230973
71389770
-376589
-26845599
-47037965
-48871454
27558419
-24320583
-72178788
6934214
21475025
24701445
124712888
-59147816
-7174283
14264592
50774669
53452280
25830652
-27180886
38815484
-22280712
-45156784
-43712621
-92522179
5425618
-46593897
-71727496
51655800
-13918734
-60325298
-53684373
96694625
-7038134
-54833901
-12649373
-33382940
54817521
-44323457
4483670
56377172
-45977635
-29828344
-11395259
-21676692
7803560
7943296
-34695035
79620944
-8357238
54052039
-42587476
-6332791
-43305214
-17004188
-72984857
2086343
27122242
12182739
-42739634
-12770950
25687981
-49152772
91431273
-69564146
-83439333
-74190080
-30815524
-56360112
52772537
22852632
-18323876
-31508329
-46713040
-60623120
4409025
15982951
6408837
-12255533
-45901992
2233184
-50136225
-12971545
-68735643
44536737
-9232840
-3284096
66652557
-49774689
-8675001
-60995707
46837
-78633028
57042290
-14079566
-72448498
-73862477
-7097066
-45875901
50237934
-92009228
-16114290
38710505
-57169176
3884402
-56671188
-20776677
-74020546
-7377609
-11279210
25180768
17186214
-76554938
-28119022
11685992
26628609
-14628105
5406757
8187400
21436441
-43491370
-4379873
37285799
-11499907
-35825039
-52946602
21916199
60916008
-96142234
12695793
-8328080
-57998260
13113776
-10590886
27647300
-104677161
15395710
8083101
2964245
82909448
-50964129
-13986040
57669034
27138519
-18992741
-74263943
6769103
69693203
-10761783
-36889136
-71168033
-5388840
-52097909
-20738752
-63426024
-10797316
6385808
-11474691
20392424
-28891094
-66398227
31516270
41819337
-62518453
91071797
-12327677
585727
-6339394
40535756
21553055
-39087785
48134092
-25078934
5727742
-59470614
57923529
33470185
-27066482
3397031
-38682815
46670328
1508648
25506
-42425325
44502253
49710473
-39643850
36079761
-11823078
12030393
-31854087
65560073
-534851
15379531
25976914
-102706878
-8080810
-88812200
5316032
-35827815
-25918673
-28835650
21811763
45068839
-13480883
23140947
-70424308
35174128
12259487
-36478207
4549621
-54099952
48694409
53587572
49940203
-64458184
-29452500
-9362657
-19028132
52112028
-41953559
-27041332
15929897
8856345
-33369459
-44441209
80909290
-4163469
-29368559
-37870024
38809312
13301983
-58263719
42313286
-40306631
-106027157
-94629002
4665681
-25126077
13778855
-51774540
12469036
-32677149
66005494
-1146752
33528056
9505152
27720635
-9541803
-41423178
68884996
-7418226
10045983
-2511204
-12801019
-41205427
57554628
-10047035
-6977547
38482463
4050006
-35932945
-204630
-42453964
-41885729
-7531554
-9121008
12402102
-12307391
-48492101
-15589454
68843336
-20044561
19627475
59875359
26027450
-54261060
-44556009
-37817446
-11350548
9665208
62637313
-12396214
-13906876
65535458
-34359298
46897703
77707177
52926616
-92321107
-33228318
480991
-36730950
-11669645
-75030088
-2144125
-4168119
-56949525
25528468
-68585977
-64147701
4489140
12714384
-16053920
-92928199
-60201293
-6744272
-19235582
-20950881
35464577
-47240626
-10304659
50984868
49477199
-84166348
17777279
35178007
-18602423
10959205
-48881065
90461426
-32966222
-18750396
-55723733
-9465973
-17912060
-56404073
27568076
23291221
28654438
-53789138
-19793077
2694655
16100098
-29498685
24782183
-15738984
-22669193
-9983886
69567083
7728448
-119080641
-8690012
-68659121
-5037694
-2299338
13401910
66955597
-10251797
-10948303
41602490
48060514
-75831337
-29543455
-2022841
-10432281
16885194
-3878247
5866110
-114291162
-16894503
-72997977
-10421496
-13480310
84730303
-112981750
-3207390
47700564
-56608381
53637562
2270874
7597167
-7806370
-16488547
-20932239
-28273535
-29542487
42769207
9009024
-19064866
29010232
52970332
43049920
4664604
-13285882
31729638
16300361
-36551952
-19394396
77508660
-84700207
-81444649
-26702554
-35169420
-5944098
-52742682
24861582
-73494244
-9673803
43052489
80925969
67331936
52130497
-60301805
48404998
-78336863
-25306988
-11728086
-9322687
5466850
48399491
9148506
35194892
15779693
-65137094
-4750670
67917051
46861387
8812675
36436113
-17427366
3765218
29640475
27728086
-14372472
-57842918
-41276909
-8833940
-49320732
-26182934
22756907
-46717237
-6220119
39048532
-85710451
-17843162
89178898
-26297314
-19709184
-61099762
-41552485
-46236129
66459726
-35843253
-28680461
3867395
-18743218
11187020
-60961222
51903738
-4380812
69642113
50599992
-12897424
-101606426
36780068
-89794435
-21399473
-112127541
-22585891
-53792441
-45783827
-37476944
14301223
-4846443
6285006
-39267767
33651794
-30368416
13369977
69392420
40375760
45602536
-39508319
-111431643
-54487984
61136700
-56429900
-15290322
21036882
32579145
37680987
89197348
110915205
-120261710
8819269
-1092449
-12922773
86496777
-75227764
-4991523
33325054
76396049
18662612
-44069130
-56196022
29333957
-5322114
897353
-96910741
21647320
-6693862
4357129
-10379176
-73801505
-19426472
-50671236
72987659
17253509
-101827001
-35488499
-43713483
4396175
-124114064
47908965
-19807558
-42679646
-76292386
-40323109
-8101554
43496517
-85096631
-94930249
-7910207
40935577
1580896
77034347
45583519
40514484
-9154608
-80334756
16699843
-77282157
-16640072
-20736424
3128269
-83909443
16720938
-20897164
45467449
-23115248
-32229563
20056098
24438422
-76478554
-38723890
-45612292
10522124
-96040347
38550280
35474357
341740
94989234
3052490
-80020733
-53723938
60822616
-3325783
-75872292
7700679
21216611
35924165
-35319895
17688511
23950221
-56729550
-25958463
-28669643
124223427
-23047139
33026239
22052956
3321251
46247661
-70084872
-19662871
18049139
-58713165
17436519
12928030
19475018
58588258
-17378009
16736756
-25977486
-44374028
-31812484
18064430
4822930
-21167403
22462659
-21137795
-5442639
43623834
13117950
-43500059
33699542
-7590478
7572899
-117911695
79019656
-53624333
21187203
-60157809
52414090
14652551
-51776415
-42439859
15897984
-39225773
-7415466
-88994307
-26925357
-52314795
-46426555
-114538720
-287490
-5578228
3948629
-46338641
40919676
-18199975
60709191
83011430
33625362
62109231
-64948668
-33925406
-14308235
42240698
-88730146
253499
-30158260
-19518583
37336848
23292060
-22803958
7084467
-63199504
-14460464
-64725796
8339956
23767177
19800326
-28558092
-26242146
-67916199
29218359
-48116960
14924997
24727997
-26485926
-26081608
13457055
-95725093
60913450
-23791035
45671668
-14955049
27140258
-19080299
-15385159
-55468984
48877053
-49085421
-26771955
-40569517
15575154
27961623
-84606019
22710469
-34791344
-30302059
-92066190
-27817862
-2179104
23157754
-44171444
51915388
-7205223
4129241
-44070873
-83177764
-523487
-27683869
-76693224
37017011
-294035
-12019998
-22086729
-33846761
32939518
-93962265
-15302752
-70634822
1408052
-19859422
-40237201
5889125
-11690979
4352115
321858
3940229
-19533355
29201104
47840886
-91727054
44775542
-45322430
14566694
-48845788
-16097429
4396349
85384633
16379914
-63766553
-50051618
-41155147
-20458288
-76652621
62074733
40897033
32382453
-98220431
-51961542
12284884
-54447956
-39867907
-15837890
28346550
60507917
-92351438
81836375
71311459
3694136
35633388
-16124597
-33328794
-89418290
-52988678
-66973289
-28469927
13629977
-46081371
15394939
23647160
6571442
61797891
67669712
-6568906
-69768169
-47422573
-44783444
7376721
-25543972
6164391
75512160
32043494
-13845232
61338038
48345155
-47142244
-19694403
16022538
21926411
-4336386
-52073306
-17586548
-30094561
14199028
60926835
31486317
-104032391
46984829
20787143
-3710011
-97212865
-7778607
-72092824
7215965
38062751
-64764729
-16177294
28343140
-42917535
-6462713
-50860550
-1218454
81506602
62827808
32465505
-98094507
-26922429
-22654129
65272572
58194250
4018291
-33186964
-20876775
40077376
5444898
81016534
39599261
-35604316
49549739
27979472
-83746323
13599223
-23551879
33277583
-90835291
11363223
-77772066
-9905720
-20460381
591893
39123654
-82280675
-34555046
-10069989
42079949
-39705752
-7998630
-49627108
-54294216
-60472088
-61723166
59523341
-6763406
45156138
5334437
-37386800
-30406827
-13633403
-29269538
3508802
-16910041
25988775
92678066
-37676869
-53074268
-30940793
24726346
11037503
11878987
-13430431
-62214006
14388755
-31281149
54296936
7904755
-89176538
-7731387
-7053497
-45188724
-22277630
50861633
-48213803
38317524
-1451520
-90818240
-32282028
95805319
-24315558
-4167620
-9800660
-54484472
-56868174
-24253345
-13612374
27249767
-98714367
45189999
83904068
-39644398
44775934
16924214
-4933788
-15600777
27104083
-61380589
-82819950
30060179
-25120714
-36899777
46371338
74247600
-99272164
-26070938
-13009874
-75903214
-13611265
-76041529
-26002093
28918610
52949023
-77997596
19093180
3954716
45789458
-97075
10632305
-75557266
117667217
-8562823
-47809897
40249156
-27289930
-20694315
-47587462
-15357002
5738189
-10068123
30730959
13172858
-38709640
-5685123
54697301
24417227
-48269905
-41185207
14854060
-61646742
-44358014
21709366
-21338908
91870026
16458629
-81317437
30151026
-25300522
46551748
17834158
-9902126
-69339307
-33396870
12811053
-121584060
-10053225
82064474
26608745
-27618700
-55727821
-1321096
-57761439
-77271630
-101464152
21836242
52478222
16320351
-640158
3801795
24737032
-56435175
-83617701
-62205312
58235275
-10338954
-18955924
-42752148
-90404097
-38969330
-73544367
-22372070
-5734132
-19351154
-56778572
35904906
46646447
-33139130
-3703650
-52478133
-12457028
22822804
59084756
-49863139
27676748
28166754
66139985
25161934
-3583958
-30616211
-2004335
41050741
-19000860
-20369524
41082221
47060875
-15678645
17169620
-9060834
10461504
-32360286
-95166552
-1822754
-12345621
-39286801
-69710333
5060929
-10485126
-62760214
-45166992
-19638692
-34474524
10293353
-28326914
-42575528
-72173002
-27833786
73625192
36679262
29705558
37466402
-497115
-21840601
35448475
12187924
72405539
-24516027
61396852
13200846
46652906
65545072
-77526464
-69141676
17610988
-60741684
-70086326
113315901
554602
-35928383
-58179560
15921469
-41646288
-120025570
-9665733
48631129
-41702570
7593319
-42475745
-117083622
-20956225
-1243965
-50515567
-21142244
45556166
-32620945
9028762
-17832473
61686192
10874477
-12012705
-11725006
18413809
-27037003
-124335784
82660469
17728544
14544729
-51411072
14112682
-26566729
-20851097
5415235
64185022
11127205
-102626292
-16454622
-1677516
5184330
55265044
-83403416
63070149
-48848410
-64144128
-105601795
-121325683
8805357
-26538532
83526486
-102340770
-56004846
26551306
55111347
48862728
43149585
8801491
-49699191
28076501
-13761992
-82769853
-29786720
-55468798
-8254820
-26976836
40436984
-21294181
51353171
40325605
-59839551
24190725
-57918431
-34365753
8886552
40460147
-70885564
104699604
12065225
-9953712
-108860946
17652773
6917693
7495875
47506958
-74106518
-117409832
48996304
8811554
-22273896
60759386
-30599552
4352954
-76620099
71003319
63561242
6848690
60231259
-14160940
46120475
25185020
-65502477
-33099881
-59342232
-121648280
23250224
-47505495
-22280001
34309139
-89677009
5982374
-11413136
51881504
30413513
1397041
-12188591
-67902555
-58773290
2332555
29624549
48792261
2334396
-10217940
8016469
-7746118
14121107
77632987
16845786
-3319697
40973178
-62257838
-25368332
25968836
-23554390
40596220
65481689
-49196160
28755184
-30672784
49654753
-19308071
13854233
-19887578
-30731759
82976431
-39978767
76275430
18992529
-17771622
-6911570
8934143
-2184338
-12955549
67708237
-34339768
43843082
-91335899
19814641
-21815552
11260289
-9805262
-23855487
-61956946
-20491545
9208192
-14508778
35256494
-5720053
-19019702
-58254123
39870798
31909849
26525980
-9708912
34222139
-11909551
-70919743
21655816
-663311
1279370
44749954
62201943
45810460
-5585565
21432987
75005003
-389364
-4596804
-28809578
-3933329
19687252
33397456
33315596
-55450559
1003752
-13437390
5313942
41438774
8595885
-26581406
-28451391
-5605749
-18143897
4967027
-43287473
-77593196
-34631677
-69400771
-51996893
3188760
3600099
29363980
84473519
11073253
-19597219
38422618
-95560209
-63340486
-20236623
68566913
-3498739
-6220810
19912480
-51464361
12749554
-8377094
55094571
-34598919
16020180
6329486
-8273142
67383964
-61433683
-44077074
-48387145
58144274
-9771879
-131119413
-2713731
-53660322
-67169716
26115253
14183131
48774125
-72840315
-20263582
-40473950
-78683410
2011128
-33743224
-50582604
2392054
74138023
-13572850
-720108
-23555216
-10493820
-8349272
-44521921
63583746
61513239
52324258
9723246
-33922559
-62367419
-863351
-61347558
21299399
-35593993
-15763322
-19055695
-5818916
-67879504
11653281
20142480
56586584
-35040407
-2738737
-12847087
68225905
-40100753
-117047594
-43255214
-69278893
-23543073
-35666487
-86021682
18227199
50812230
62760416
56236260
18056261
-100720497
-17267746
50490955
-32173174
-62486609
-48963665
-14747909
-70780518
-54635513
-8546185
46548507
21274520
-64418752
-24667530
33769443
-85989089
-44587920
-6184380
-53024951
-2287214
-7737619
55632952
6517939
2228946
43346960
-37411908
17438861
13155902
42527855
-78367162
16217127
35591141
13655681
70291156
-37312356
-14991890
69824095
49088009
-7947904
47483702
-15442303
-38412163
-47062700
-66896850
-25569466
51868275
-29945054
4394729
18818447
-57327487
-31077253
-56748573
24292968
-36581302
-47881491
12337438
48231377
-19648201
78594845
-43869787
-69614958
-40131370
-45307308
-5856419
57456372
-82302386
-14427334
53623643
-71362844
27748890
-73924050
-22632665
-5097155
-50522731
-71158774
-44452858
-65288959
-100417857
2673340
-14287565
-76662194
-42696148
-8029780
8888576
-36869026
-11873771
-2327528
-23096327
-56833011
-116486707
-64464281
1413858
-98246131
45859727
-6537696
-70487242
49250763
15509767
-46154248
6842232
-51382055
19525485
48693349
14812777
67418998
-34388023
-5103768
42194674
-68903598
15532788
-64522236
-70893544
-53518345
1670847
6790304
2745526
72281419
57302495
-27627693
1839571
19147009
39507154
-34494831
22959755
38242198
-6630490
53105848
-69221675
14601102
34143903
-6897185
24824939
-89982799
63011213
-54801947
98743937
-58974175
39806579
-23470621
-60429673
-9838664
20613436
-17084517
11867383
-25339723
11783550
-26985791
55131677
14597335
-108050030
-62893858
11051222
-41867001
10291693
28422768
-65776891
72799603
92834587
8226088
58843514
-9907860
-30682401
-15254064
-62108549
51837631
-49784311
-62829924
-56022169
-8878299
-13706455
37256338
-46965452
-7625911
-61150494
-60287774
28411006
13652368
40126757
-2557603
-66567718
-27866705
-74644058
-16152101
-3114284
-49111024
-47447332
-35888545
52902411
-2107067
-68456223
-59252433
4845423
-20344970
-19964979
82173468
65512146
44289619
-40644506
-38315741
31362250
-25952024
-863178
12124902
-4457165
-9123565
36154633
-55179680
-9056879
-9996324
327546
-67235663
-31483329
49040920
-48776340
2574436
-42973171
-18622199
-45045496
-35513447
-71607397
-52509064
-101326717
10347286
-24050601
-42080294
-3102009
2539698
-87197387
-27684616
1857840
-14155729
-48291497
-6311972
17102123
23063131
-23784351
-53890959
-16461775
-41995869
24264942
-23802638
34274352
-9386565
-59597441
-35729498
-11111504
-23371410
-13351294
-36286561
30390311
-75955640
-38629385
3229888
55999985
-23466323
-16085418
-15147056
25274858
-324767
-110091110
-26200347
-9749160
-21892294
-6476258
42007706
275472
-33222299
918462
58282545
6309263
70470695
-72199666
8537404
40946730
6013729
-542330
1287846
59879211
66923116
-4751657
21625056
-16272063
68760138
3964045
-42332572
3114995
5510178
-23874494
-65023654
-54673422
-36549664
21229258
27117704
62963302
-55831572
-24348162
18131434
-12566553
-68804682
13292431
-9853598
-69860140
-25225877
12114038
-46593960
4576870
33835560
-45972428
47038898
980329
-37627039
-24271089
7465757
-44824141
-7484456
-2946480
-38549660
-4771215
15827669
75636138
11418070
-13689589
-43743875
-53665767
-42865702
-25467213
-3926575
-22533229
61563975
-4317499
89841446
-94722544
50910697
-2859563
72665035
33442237
-27085467
24627478
50659659
14080050
-18787455
8568538
-36402198
-41262253
48485475
53222254
-35222904
79897333
-42118906
-55861123
-6919410
11574342
-18387530
66236647
24485418
80036573
5896859
-16105607
-43187631
18435234
40119461
24694995
45645699
24929587
-63128468
-83274055
-4642383
-21169279
12538562
-34779806
18250594
-68744846
93324021
-44300859
-50799083
-2164354
-16449230
-5899338
-19973317
-2887736
-49673684
15724041
-10058789
97015969
-66895995
45700269
28833208
-7528949
-51779212
-70399851
-55003401
40224399
-30423095
38454696
68248717
-84579612
-57695108
-21431910
-25039228
-70708754
-20160127
-25680223
-85716457
-33017259
25793610
-49911518
-8045112
-14543819
45312618
16695903
30109817
14755466
-6411654
-32542843
75265537
-94293524
-6046667
-53112781
24425953
1272529
50317056
100906021
54647852
-29676828
49175691
-24347382
-51840314
98792519
31392854
-625439
-50780536
5196669
56158605
61262614
11677031
30495127
-5061508
-99208491
4089563
-654727
-18794340
-106333335
-101023627
30229414
-22208095
89773110
-16123353
21342873
-3858132
-29550015
42200227
-18892480
84354769
-25147383
-50752457
-71219538
-8107098
1673195
60514382
-16512114
-48711752
-99065456
40004586
33607798
23316227
90049575
-74697407
8176024
-70912936
-55296556
22871020
31395287
-31266560
21254421
-91614889
51091360
42537316
-41783264
-29365852
47948662
-25216893
53996484
5377737
-5330490
-10093378
47672572
51738955
20064413
23095722
2728948
-45088538
-52254022
-4568437
-6918251
15267883
-84142036
-14974193
57066304
29995545
-32996776
55145880
6699765
-18379646
-73363749
-59367124
-10097290
2872669
-18360250
-76971763
21118385
-65905880
-84661832
36041449
18368661
46395602
-3467359
39910656
-67675682
23259443
-80341598
12707576
-28908118
-13684638
12712675
-45396649
-25576306
-24959808
-75158886
19704949
8696408
-62342552
-32342640
-24028337
-60125863
-21034588
65106266
-15401222
-45977136
-1448136
9957630
-92087856
-17556757
-2505580
-31639634
-45804684
-46344050
-38266686
-27967739
32628103
18255622
-17463699
-7075169
-2776718
-35220035
-64816967
-20279749
-33385929
92593366
-17411809
-40771207
-73901442
10544613
33028379
-5777477
45884026
-27705427
6234857
36110053
-52767808
-24543734
32102770
79979159
-8216794
-51374639
92900557
-8755610
39797061
-27866506
55330347
50394330
-73876074
-33030419
38601225
61913789
-3022660
35561009
13134406
-20992374
383607
73876404
-54763599
-33015105
-104791764
-16981313
23458388
-80028849
-87847996
54791171
-36679782
-43908923
22199166
-17786205
-76152425
-66516118
5137029
34565491
-79123982
13586353
-85822604
-53503260
-24962470
32079160
-37556685
-60926842
11118132
33041837
-52902779
-94542196
-75879884
9170532
44290145
23567544
-7272528
-55691998
54225093
-13870617
-58583292
28742130
9792874
-66719578
-77870436
8412562
11822756
31583090
-51716583
-73525776
-37296509
-38622724
-14189090
-32058678
46625074
-87940428
-21326491
-4750810
8119700
-40863628
418146
106830731
-101628569
-63180093
-22712846
-49778348
-383846
-40907302
-44707599
11789737
27508432
27448642
-58150280
-46812105
-66844644
50669398
9940113
-39437040
69016654
-24289893
-57851144
-79123158
-6978612
-49462790
49576736
-3772917
-42639930
-11134004
-33737264
29605590
-108456547
-15395290
-69487419
30167316
-81522297
-55416518
45631713
2410887
-85381819
-24093527
-20949007
-15159812
-63119873
-21729629
64516786
-21584621
-62797372
-67318261
7276421
-51354760
108295521
-36034894
-22005409
58177524
-9696234
-16837964
18747243
-23856396
-45798497
11796880
-58915719
49381840
1364400
-116303941
-62756770
-22874328
-17668167
22608824
46191867
33311855
-19590192
-51870922
-19522472
41463079
-43180914
-11455905
-64594761
45442816
-88274491
-34321486
-28329756
-15250864
-15789121
-40157867
-27670725
49734824
-14708466
-60282527
-49731289
-16506169
64899365
-117619486
-1529284
62964576
43247898
-23171374
-40619480
4489052
-22059093
39157855
39638789
6467091
-43935705
1664917
-67559960
30360273
-28640918
17101079
42410811
54040076
-32716742
34247417
35070881
-7941331
-56725093
5285291
96889263
-11950612
469170
-45992528
28296
-17745660
77835410
-15644925
-15715260
-13186785
30859520
10066807
-14304641
9208223
35394758
-57484542
-87184262
1453379
-42946592
-72466822
-8783815
56789913
-14023902
33196319
-23237311
41464982
-9469632
-14824291
2218860
-28710478
-12730831
26886028
6736366
50406340
-39614870
-769152
25123357
-47105937
-13890726
-29007425
-80510962
-8524641
-60396844
-9795551
-14691180
5353081
-28886500
34190184
32772453
-11830433
65977941
-9518258
-4548567
-8693569
-8977544
42563059
-77701766
-51057523
-9910784
-22477547
-11474220
-34721130
5600206
-282009
-20404410
40262230
-9245218
-22656030
-38574842
64753937
36203867
48849293
-29943118
-21037330
-25494251
13068078
-86361436
32641640
-16105875
-8232369
-3904773
73163816
-92817416
-38601731
-52321783
-52064285
-7281400
64876873
91796955
1035754
-15576081
36867527
-63577344
26716714
-22806021
6996354
-77543814
9078726
5126548
55994869
42439349
-49587730
69402096
-40970817
12590960
-53868901
53649723
-62570714
-108640824
-52687099
63142962
3416326
3957268
-9799701
-64246855
47970388
-26040357
12136116
395107
19437997
-41264199
10820633
-8095041
-35404709
-66853577
28031488
33013394
9929998
102039174
39010206
-64529933
76314949
-49318086
-37237236
-10254651
21164309
-42340352
-94099603
73544705
-37624442
-31047609
-22699346
-21928014
-8334829
89826993
-33531389
54275330
-17299449
32577968
64232492
-20230733
-2051813
-64913797
-50490173
12293310
-38221518
78566311
66607978
-77234531
-25623200
56550287
-58147744
-24244263
-72287657
-50363209
-58911736
19143094
56910322
-9730435
42083922
-1068773
25088171
-31499569
-20465910
29946281
-18591467
2075182
-6202266
-60262787
26102576
-66280481
-65434242
-75421101
-49875775
-28973213
74297721
-26457013
36341509
-85701458
50483498
6903511
-103834844
19804241
57147353
64634473
16739727
-22632023
-14448375
44709312
-627602
-16968836
21141274
72308556
53117353
-35109502
49645928
-12438730
27588754
-68556309
2656910
53463
-17140323
24501930
-16979884
-2107273
15287267
-103401916
-79997696
-25310799
947612
14510084
-13940928
-18853817
-47243696
-35524440
64662163
-57142946
56286549
-42093638
-30164603
56735290
65879270
-14249086
-75799689
-23185426
-11614143
9086149
7580397
-40749834
-30789576
3919395
-52275475
17999916
-23486166
-5621633
61900015
62401539
38636357
-30295299
15855045
-59703428
40682850
11267575
120116
-115968856
-70730928
-65689778
6782543
22694525
-28026201
11209866
9951839
54062300
-43231093
-129585551
14154090
-83880808
-15335894
-53375012
68168435
16333622
24385842
-28957929
-61094615
-39845494
36479254
42577820
-49054724
31022434
-37791933
-27950316
-72311815
14757640
10002899
46841452
76456870
-12184352
-32298614
56458916
-54917735
24269096
36102545
-2396930
65437993
33133409
35220488
-21416110
65529818
-63837949
13040721
29832217
7555404
-37263838
-9640154
-97195810
-29808723
-4890585
8724075
63141889
-6546097
-20474557
-22280059
49056623
-2385473
3647877
26981585
-68430587
-48525348
-46228320
-29835390
51610863
-37493411
-31136601
-25849329
-8033904
20681593
-35952960
56984501
-111089731
-78053228
22401659
16931284
36319748
27682644
51554167
80831155
54527004
-107957228
-21947054
43431336
-26568068
60113794
-37744976
40827484
58303795
34341707
-77239627
50997405
-88890808
37476646
-67937335
-37401589
20361956
28613074
95122768
-8739913
-15848000
-452719
87880764
54374098
46007049
13870129
17757866
-77428667
-31205821
22097078
-10532178
3062611
-8731676
71740827
45131568
-2568942
41920269
-5592884
-18809140
16353793
11602144
6460536
86569223
16771819
-59717937
-36472053
50805705
30735113
-109842875
18060100
-40470017
14913454
66169590
-86915677
5790905
-42167118
-62364474
-5201790
43101906
7627266
22442925
52186344
-84848677
23649914
28322550
-5525587
25740128
12280137
-2775143
-22982026
-47166871
62851675
-27136194
-41808155
17721182
-4789861
-74045205
5627506
-32803929
4692684
-10929170
-118418183
-36976221
-16452896
-44709737
-62259792
42219806
-2623603
46167030
121422991
40556407
93802737
-4048688
-29987572
-39123627
48824782
-6968726
39907040
-42666516
-44125016
31447751
66886196
20379182
-77798016
-44931211
-27044950
-51553092
-28127512
13232835
91829629
-4694362
-105021914
12954091
-1502792
10849134
-8726989
-10845342
9267709
-42267418
3941318
34586809
66589805
-14573911
39435027
-39942868
-34926420
10797138
-47133614
10381731
36482904
-48146102
55074817
32440356
26325770
22191602
-27822546
-27922968
47370978
-17569726
-48992337
16076050
-35576415
-49355798
41525842
44593421
2867662
-50130631
18428726
44636784
-25634171
-38347896
-21441300
14002899
-15607788
-50744135
-77313000
-23295387
-101026741
-19170456
-19273491
56842035
-33242806
-67343307
-65331607
30522800
47168960
-36829428
55603092
-58174294
9156045
-71578453
-85901500
-27914939
41305284
28259600
-30283581
-36048980
-39512890
-64324062
24553096
-37126706
-26601617
29532632
3432615
1064172
-23384443
-28515079
61286828
34649043
-80517466
-14931552
-36802983
-54017177
6921725
2013599
-29341515
41015925
-3520129
-88887531
-30998554
34189449
-92694486
-53052991
-32521269
7331043
49147966
-22983967
-7783388
-3611682
-25073935
42887852
-32760757
46101764
-87697445
-17867356
-33774728
2768002
-57165189
22106744
-69467848
28583684
-27701842
-47433892
17978519
-13074022
-24743929
-29103346
-31955384
-37729107
12725
-10248631
-1722980
-9989673
-69088908
-74230320
26820744
11168055
12740980
-91399755
-33765136
3575008
-6982078
-4541661
3246097
-50322185
27805639
18856282
-40810231
-32143779
810571
49655458
-4023411
2474186
-5860371
-46070461
-60489150
-12296604
49181843
-71419534
-31300928
-11434880
11089756
-49829379
71057811
58114130
63733990
-71291199
-41261972
-19062789
34090697
33188458
61494863
23006539
12147235
-1641409
6770805
-65761153
43976652
46141842
-33005490
39511451
-17037160
-1063432
-13002984
-79267986
-6304360
-3930627
-36506601
88517613
-25510473
10074543
43056157
-115541971
-107134791
-59469419
22151937
41649478
-35905403
-1170916
-16223608
-32101052
4064717
33261780
-20748892
-111681317
-127674189
-63050982
928158
-14609739
-32142117
45224523
-10496533
98213241
23812268
-35271592
24756965
-48075677
-31303951
7266929
-98262091
-50821901
53606056
16664583
-2980871
-51154447
12159511
-14961330
-90690511
60384376
57536935
-19366297
-14674298
-7498642
-1187516
-20630701
-48086457
-4419244
-22203589
-18437232
14082045
46171814
-28115436
-7946473
33324505
-11264411
76031607
23902706
-38990491
-2765794
-48187630
-20326079
2953116
-45586449
-12439787
16170120
-9622628
-17560576
55080615
-79018545
-11432704
7370199
-20104099
-8471945
-17931699
8845448
6928394
23651745
40907559
9086011
5683397
-19639039
24120590
11131220
885374
-78415793
-41729251
19423718
-38641293
-120795476
-76017328
-1893340
70440235
-58928211
-22435688
17407530
65387738
-64502824
-30256976
-47993347
-6231776
-18788093
-67688469
-81406958
38050890
-56660297
-87874302
-12404729
-12211229
14587322
38529379
17817208
-2236083
-4878711
22127961
24184326
-50845122
-53375415
47369377
-95474643
-6075067
44297432
57544498
3560537
-34473531
-34624219
5791008
-42890800
-7543361
3127961
-4906852
-55846620
-5512399
-74187564
-72724050
-13085913
26036263
-33610961
-4558596
90570500
27305008
-54781784
-45724739
45226467
-1400599
-28924023
-2608543
-74958562
-13772947
-119399447
-74824673
2162092
-3671190
-9557186
-17011343
9116338
-23911045
-46599687
51232153
26216978
-4430243
-60946507
-120787857
86567
-33171824
52706560
-32826295
-52126224
-60288827
-8202170
52660500
41706520
35328642
-32890388
9340136
-42300331
-15265269
-63357983
27763356
-26878164
-5454595
17806570
-85040404
-137430333
14149613
-56417890
59738399
-37128959
-210662
-59437626
20382662
-66440973
3074948
13041873
-84099786
-29571238
50507028
-63783949
-27677193
-85786640
-70971323
-22639400
51351989
11205911
20420880
46028920
-64161775
-4844059
-39798524
18050169
-22168662
-88135338
-36672607
-21180781
-20617654
-9927758
-48749313
-23262032
74295361
-26587000
-67234723
-33869466
31111634
6905264
24382877
-35330063
86500712
48742159
-13772618
-60096613
-20964507
27282892
-72089499
60865366
21775279
-86501771
-76785015
-12882641
5331789
6443566
-79820245
95691064
59596229
-59501019
-81010978
-27426136
-33087916
-102043530
-43967331
-58453293
-78957026
-40534312
-44924237
43692756
-7001160
3603525
3218792
-33125959
-14664035
14070560
-2327239
59363130
24670024
52569732
-137954942
-51589464
-6417737
12454653
27170568
-56086150
-35733051
59116191
51639578
-36218055
31474973
-93330744
26067750
-71767769
25890844
-1872223
-38262174
-13066658
-29017544
47048329
31357392
-43907923
-6649564
14694066
-2383281
-30671243
-4194052
-17323026
-61253678
-58187575
12472779
-69851363
-44951464
37581920
27541820
15235103
25759539
-462395
-2224437
-26605407
-88204911
-33140221
-21750158
18700528
-90732511
63711203
-7141287
-62859781
8181752
44354971
48765064
5684060
35982141
36594544
-18395098
-49385623
-731440
47268175
-94028582
56764163
-1009326
53393905
-14726796
6380231
-8421246
33646503
-11462224
-61749123
-15418907
-53577596
41593318
-35424614
-18363654
1444406
-14176246
31713228
-3232061
-23721582
-22934102
36992803
40003920
-18231142
-42009061
45096889
-54052773
30874473
-27438649
-16432896
9994819
-10641644
54302535
57514383
-5602574
-35097164
29496992
32867328
-16833802
-89312419
26021396
33791751
34632961
9070785
110534246
29073889
85823751
-84925474
-38270339
-71440216
-20546783
-70216612
18858316
41086259
83812490
-57178324
-6104150
-17858163
22826961
41082471
7730521
-2946648
-1902005
-38670677
59119969
-15493766
42736893
-36620600
-25906546
58612512
11805498
-21310958
50672167
-14967712
33193774
-8407036
-21210599
55309915
-21593617
8207796
25801641
-48321097
-11754475
16212183
29358134
-70070158
35176369
6515924
28427002
-35776052
-80519166
-34104046
61296789
-53937749
67378165
-5073155
42960061
10266131
42240358
-33814000
-113651341
-74907098
-31754179
36894978
-131560150
-25835670
-77526277
-15354562
26730297
-7971761
-69766637
43618684
8379239
-59135145
-26991512
-60615402
-56215513
-32542203
-97012132
-17988203
-26966437
16858546
-42045132
6733309
-5956328
-60718677
-51258825
-52554528
-51445214
53969245
-56810315
44120912
-20994238
-34657927
-39157305
25964093
27879532
8242028
-10367094
6781797
-39330501
-60663159
58732264
-5202803
-108550797
53670141
-31857513
22981074
-74981914
24320938
-91955965
41566462
-26255580
63307192
-38134684
-54306293
-64780753
107958639
28125569
-28968941
48344482
40220159
55021746
-80411434
41179069
-55473536
18785332
-44119882
-23020822
14939037
-54578188
-3063524
-2063218
39820892
40087633
-37210117
4840315
-36978706
-86866005
16218999
88611950
52018802
93183873
-13247418
-24583917
48551488
46954807
-80309195
94904127
-38522493
28286412
-25772850
-47974072
-29839081
87394214
-13114869
75899061
59182886
4798977
27492111
-67468549
-4532938
-20277379
36871671
13096372
-14046423
-24866096
-16317398
8614327
9902844
-15595413
-16669607
59856731
-13151576
-98351534
74776927
42689925
43581726
-16766510
12847099
-6636608
-67962351
-112362817
57222806
54977549
14772217
-30519277
-18139602
58065003
-80496341
50786026
-12206383
8141759
-30624596
36760668
8940975
1454694
26218793
17695427
-30336224
-20334792
-30334022
86253185
-27112149
58768629
79688616
-4286135
-677880
-117804245
-30758175
-68207367
-14261136
-38264241
-19480595
30864614
-42008984
-99780530
-40900154
28252966
-109866037
1985532
37551449
-37663949
15464080
25328232
91294478
53846679
-122903377
-22568967
-10239548
-28414817
-1058778
17105594
-23710618
25711705
-60823566
-28193939
59201886
109099388
37484528
51262841
-74128260
22567275
65006920
-19207377
-12766845
-91903133
48173755
-10832649
-80441179
8245776
-116891305
-19953494
-21104199
40747549
31342938
-27110953
-50845494
-53190897
-1162752
-96461321
-132077991
66462289
-71350126
27496831
-30675549
-6257730
8810257
-10364107
8185821
28234728
49532538
40307937
-65651500
-73875786
-60988009
9836846
42859694
-55434442
-6258155
3225531
23800722
-19139202
-28060444
-56184903
30234651
-47669066
-66971163
-23760913
30149433
-44647272
44720365
-43485368
26336473
-34840743
37319562
-20978980
25203630
76315457
34869599
57715753
-80193014
9849571
28476766
10559318
41899428
-22217385
47879811
2874223
-89997929
-78324299
-22383348
19395869
-41062417
41400805
66307248
2151812
-31673506
-37750469
-11779688
-92069583
-26357329
13579720
39045673
-49981063
-33503137
-22359444
55502051
-49883792
-15903740
-11319304
-60487951
-82921109
31003629
-45405759
45736138
-338326
20934999
-61282915
-8355892
-80217475
3507880
9862954
-9588348
-43995344
-8873392
15916112
2744057
-31506168
-21071808
24319603
-16088594
33997793
6430216
43350270
10742846
-38964647
71332470
88317212
-61157405
-50501195
18994764
49319994
41602816
-118171557
11303385
-23963705
8461302
-19770468
31201499
5335279
-20358657
-14629354
64951791
1364835
-8832709
-32901316
-138035522
25997829
88460429
4006032
13888051
-31936710
-32555448
-34289776
-13399638
-2467033
-18931103
-30779673
-10866514
10712481
-41290635
-39299213
-33423324
-12835787
54656027
-16014495
-15936745
-11958748
75408940
-48300561
-8816467
21489435
-4153597
3045230
257021
-8435299
15610903
43128039
-41769081
-6011727
-18219491
-68864936
-99389478
-9836352
-86850417
-13329936
65699971
-55543637
-43473372
21124469
65210637
8877463
-72146214
26219963
-70896007
27060933
-66881438
-29807320
-57578479
16670021
36157873
-3046479
-71924691
43166211
60518896
40526100
56036886
-36565077
-35880857
-38944324
34941327
25933936
-23520148
34180044
-20841479
14765195
-4606841
24420281
21091386
-21749021
9021701
-6409308
-70610915
37494472
18218827
-794048
-38629554
50796681
1371477
-59858253
-34841924
37947841
23164608
-57100469
-5848434
75206143
-40567331
39590541
21548124
9648316
72212705
-21152521
-33006760
39683979
22141427
-10483429
-48994147
-36918780
15847367
-132371187
29541882
-138309299
52065026
3673912
-19649953
-34236955
5343254
-31154824
-46339591
26074709
5439409
-15662422
-52755817
-103569164
67343877
-43392065
-25914724
-16040967
-56597485
1624305
34236326
-19791707
-93671897
15182681
13725660
107284293
-86668454
-81958187
32606862
-34855660
-67549901
-39017207
10636515
30600243
-22579965
-60721389
-43691259
-76818641
-20140561
29130897
-47392029
-23887132
37173894
81961550
-237995
-46214838
-108837946
40370215
39272156
5597861
-42949050
-43820040
-115906752
-41191261
43371822
29861581
-108160572
-27541232
-11848151
2890553
72208745
-17806357
-50804958
-18058611
59273240
-49079427
64325327
-24762553
25857726
62815414
-32527564
11082903
-37458327
-44852976
-733960
14021724
36657729
5017448
-92176680
31495820
-24352493
5220903
12727628
-23253914
1456492
-40184482
-72834071
55651496
1661697
-44935528
-35041710
104124260
-9995068
27761567
-35146883
37225214
-10301909
32809820
-76431070
-32386612
-14932736
-31053570
52801676
-6054853
-24879378
8761924
22572519
19760657
-7516971
-59617078
6953222
23658386
47677489
84776815
31783295
5990790
-27404664
-92275083
1699626
71310781
33922324
-24081297
-8804286
3067013
-53107946
16269489
-7265760
72189007
-118826653
-85118779
44077332
-44762364
-11155825
-51500922
-60789509
-56337265
70557125
74284513
-68399717
-19276782
-100055121
-42704432
-54497253
50375882
77938194
22031419
27700276
-32265805
69209784
-35364021
-16175542
-10790853
-70829413
52421642
-44044626
-58316804
34482910
16856028
-43870317
33373464
-98262298
-35465590
24893584
59726352
10369596
-72027461
-66133627
46395989
64170978
-63323839
9200433
41991170
-15756747
-30437217
-37075011
-14562252
-5068354
5030831
-80776688
26570542
-69248318
-16021450
738230
48530393
-83122976
-43105771
84195583
-45216012
38761524
-15899640
-35051592
58676551
-35542532
58439322
-12900659
-12481776
-16972750
-18334260
18270357
-12099242
57057703
-28053597
11422241
-62113342
19885189
-75366103
7676281
-92168631
34751917
-27326275
-44452720
56352906
-39745568
-72571158
-28596352
-9004657
-7439966
-14490731
10682770
-53527797
25087514
5928637
-25054955
-44555350
45942883
-76037518
40630310
-43040690
-25289179
8536547
55089236
-7554729
3232820
-20722007
-2298974
74999531
28847794
-17234782
-65523928
-128980055
74807821
-57981646
-39469875
-10570298
-32315148
-57907104
-15136682
-9420784
57102495
-62562592
-38629617
-11357979
104989692
16577558
33681753
-9524773
-42435446
-12780839
-25123586
-5639062
-63164782
11119436
-61147367
7996533
-70124024
-74509963
-47908947
-100044877
30984578
-111680750
50329009
-16097014
-33326131
-60166844
-118737211
5393027
35403025
13332354
36787702
-9369873
29002696
-93440005
4284071
27687494
-45480661
-120229094
66100927
-21577722
-48109553
25269026
49268191
-31158087
-85449372
-873795
-14383757
-29077114
-61545389
-39322561
-103923328
-60206824
-17501390
18296293
-29851962
-76236772
-53887224
-43563298
46179131
-22778120
51250076
-65975109
20734106
-54121747
54490248
-101551686
16392449
55438318
58244380
-54479678
5903236
-77028142
-7105761
67332745
-25052665
3822990
-12927354
63380505
19904785
-51498975
7936887
36317202
-22117366
2980333
-32604940
-21403879
50088614
43959382
-64243908
4216062
-25583325
5328675
56791938
43310795
-34761140
-35837645
-86044176
37591336
19437289
-30310594
39344873
2205945
-9473968
58588807
25346636
-76384118
6997571
12171768
40808885
93769664
103855543
833329
80794579
-40261147
21917268
-16784518
18867503
5446886
-2963261
-103985705
62395901
47598310
-55770479
89584822
105728761
89827530
-68590043
6403488
-60345183
-10650944
-14625723
-83817981
-14691256
-38166824
-19056239
12016066
50904840
31469467
41362044
-18829264
-50534074
20646335
29478649
-28120404
18686167
-57877359
3044119
20313349
27956190
32560412
8078644
-35826007
88272357
85958309
54928287
-83423817
-72842767
72234433
83364708
19049948
-41263671
-14027498
67242091
-78204819
16768763
21138579
-10181389
16904681
27223014
-47563328
-8633673
-6920342
-51536250
-46801494
66639764
-10130237
-45590591
-111581462
57544254
-9912291
-33857176
-98626959
-33288156
34962065
-19537517
56957183
-91126947
-69430745
41839469
76106033
-20602111
-8141502
37546102
-21181880
-21689385
11668948
-30397956
-32210839
-46059555
64130032
51904418
45379785
-45287001
-14595424
-88878213
-36578692
-42002237
-51674085
-68054009
-22004513
103459092
-32938194
47217640
-90858251
-31178367
-5911972
-48533404
-65958987
43512599
-4271479
10927927
-4664031
38996078
-11081531
12158376
-5367043
-39768946
19755852
-18509294
64548209
-6561390
-56642437
-11867671
-38306035
43835330
47871960
-23388947
-45787951
12027179
77093762
62643528
29933678
-551920
-30978584
-70529158
-19733068
41358176
19834908
97692826
-27597031
-45707524
-10922166
68808134
-39645568
35587487
-24959552
25775632
31224006
55286341
17154269
-31506821
-42162001
-18078390
17619690
40673738
1690163
-2306856
-17513696
4213748
-50669969
-1046831
58477176
9643925
5380467
-93742019
-55007874
-3074951
16732696
4520332
-34167710
-72266737
65975902
28850038
-62956885
-85086414
-937616
-3023986
-43331150
-31780469
33727891
-73013198
-30724732
-46636597
-8247791
46648320
39815663
-86486110
-77118757
29541211
-56092413
10748011
-35636738
-7638284
-38350830
13548006
-75061047
33745024
-42776219
23541374
43563659
-72887801
-64603821
-59917711
7010076
-111256134
-32228898
-12830705
-45172449
-9655881
-37245155
26515607
34006233
41043613
-77527919
70903638
-30764008
-62271439
-37181898
-39776510
46875884
-29040270
-92221231
-5828885
37865334
-76475567
-57793872
-74164316
-4174730
-91973932
-2791898
-5232501
-51990169
-26013291
-43108190
24542070
-37558057
10590584
-56007036
-23174591
-20811111
-73503380
-15660891
-59364007
-37535143
-91502019
-95693988
10931385
-32426671
-61661936
65578265
-19545325
31112773
-6803403
-19026178
-24468885
60364136
-68837739
25893296
-15342070
-41701941
-37289686
48974471
22709356
-72949616
-7050152
-60898992
-9925701
-53904505
-37006348
-48816496
-100537468
-53718134
15107794
31887618
39255669
-18178832
-22136232
8570490
43803277
-84876800
-57087439
-66781023
-70049265
-11238670
-31023522
8477162
-22539497
-15639190
-46372011
45268620
-22792967
-11632137
36083814
22605439
21237456
-97931147
-105092494
-57431336
-29726083
-17403749
-68174451
70403397
-10893964
-29470401
4124317
-43550497
-84124862
-2883422
-18082687
22639992
-36262870
32953575
34424768
74516465
-85353108
-56805214
-7027774
-117559429
-970381
2179404
56799596
-1649357
-16205010
5804134
-36364805
-44374731
-11046095
33703317
-9844419
-25382209
-29947834
31866554
-70795001
-101294047
-13990975
30757004
17640152
-39311806
17950476
-55319395
74741850
4904543
9473251
-5169755
14291237
-21163690
15579423
71352632
25200796
17340041
-76200201
66637748
-76581093
62636713
-89825616
-2971034
48203063
9749479
-25433064
-38717632
49609049
23675377
-31573762
9506438
24143839
83875288
-48535437
-34650365
-12765675
41461148
75810131
-32464568
4932816
-1431032
-81328458
11827913
47323860
-16933204
-87212059
-87749000
-3009828
-16153348
-11336182
58177175
19333690
-61592790
-53295544
-81648614
4009330
-50938775
-48941055
19732538
-95877035
-1517888
-66647372
-6512624
-49917825
10626682
-26625695
-8608691
-11050297
-52247539
17363003
13405753
-24756574
-51344097
-1416203
37128356
-61279139
-53371614
33311650
39085884
-77296603
-33542587
7858137
-25872650
-3056016
12114770
10167259
-35757442
-52784016
-64063621
-39984571
14348099
-963206
14522620
-2795810
-26668069
18373182
-44054021
-22027218
59008603
-58025246
-6795346
10596860
-7285860
-1799184
22843388
4278623
18345292
-76710623
43793776
-81985688
-43287061
-44473801
22076428
-36499628
-32362573
-110661
-44077118
-72087411
-59146153
-48510915
22362500
-39859485
-44666721
58161263
-15572052
-40522481
-23803865
-46841266
-67069447
45500186
-47137779
62242309
-31712939
-3890001
-34698308
24161612
4276239
-72403897
-42073467
-64556367
29786780
73490971
84288226
62635695
-45107133
61782768
34449189
-121861553
107501349
19528380
50009204
-34962685
-42119815
-41846663
23458253
-90836765
24033033
-63512599
-49697578
-28531607
-61653798
24561426
30411969
-27667960
14217182
-9855111
60600098
-85002635
12038737
20761926
2138402
8965285
-52414957
-10658331
20934337
-2790804
24128691
-11722799
10044510
-24083860
6281977
-43033731
-29999827
-47796169
-8227100
-17958373
47691603
-15467571
13077369
-14978916
13462097
-57895779
-22978689
-46902373
-58229217
-21151743
-47395039
84147157
-20989483
70039811
-11680479
-14668903
-45446079
-41706004
85302317
31058934
30031530
6087425
-19162714
67862745
35368714
-1954336
91653138
-6425143
39602656
-36526676
72291573
-20722803
-19872911
-141163130
55142818
14480287
-50824434
14759761
-54712294
27274787
-9283929
-26092744
44576133
-1891470
51298396
32590511
-65722047
-258342
-35035179
-48936010
-8214773
2440574
1962599
-49036919
-50897632
58942556
20179198
-62217457
62288667
-39153302
5126020
7288642
20398600
-31211179
35357163
3057974
52430560
23114303
-19811223
-12858202
-40625498
-39045615
39374312
52615882
66269787
-40609459
46852844
-9899055
20082194
7029587
-44076803
-5979772
-37429105
-53746281
-31561922
-30344738
9619140
23040723
81733848
-36468467
5592697
11211934
57419557
-32051908
-62698404
40297285
47739206
21695374
-47443164
-115723154
82030546
-14575361
38027004
-74278501
-49540016
13491341
23832591
-63422246
-53118420
52017550
-38454594
10707466
13119232
13713637
-3341739
-2827408
-91113355
34400664
21105767
27392318
71513280
23590700
1466641
27964636
25902704
13261562
30967153
89129332
-31152751
12406085
-38511212
-5751148
-723528
22840053
-21864093
-4041247
42011484
-37934632
-44982245
-41261276
-19466263
6679390
17848541
-31067225
-64924892
-9141314
-54400765
-49728478
16823766
-7347436
-28603336
-7000840
12079811
-897195
-76431089
15873895
10343846
31528480
11493345
-64783806
62303878
-32025689
47697207
7412291
48146768
-16238767
862181
-56177579
-11380523
-82733733
663634
-67886707
1411321
28574140
-43853276
12136849
32357251
22493071
8465672
-1428672
-37272423
69739092
63107384
-64178565
-20048161
69676488
25907978
-27329760
-41649774
-18586815
-9975386
456463
-1162861
-70841678
10546110
-20087354
-26900397
-66161144
-42161922
-38994298
13993716
65741890
-10409991
-90461142
-27238977
-44962728
25138136
16412944
-6395143
37902475
-65637549
31143077
22707037
-31906629
20148073
-72377467
64906812
-44549635
9459850
-24364553
-16771717
8573057
43485527
2045023
9007986
-48397769
59585843
-74358762
-3810851
141617
28472498
23392592
3890152
-58797581
64547248
37321689
-53053281
48503652
-7119365
51793516
-9801492
45266810
-12184230
-37160380
19324386
323064
-19773102
-11494246
-61699601
-3199561
25967429
-22368394
56934866
47810134
33171407
13240853
-16950432
-57900641
-30183606
-10680398
-101018999
2404317
-13650380
48606831
-84782201
-32839885
15184144
113804565
58850696
13624211
-34490652
-119202654
-51363086
-49624379
19207045
-72953845
62764363
42433760
-19682656
-620082
12553694
-65575239
-53444083
-22823302
-51376901
-31057625
-5721731
35581956
51851343
-48767523
480731
-33041748
-69466584
15972651
-27628500
24120374
39590446
-74748297
-25930201
21058096
66658295
38188638
15795289
-25384235
-6094478
-11593410
-71407474
37964497
298753
59962284
-50166552
-73693045
17374890
-22973638
-32692351
54695179
72418700
96709524
45442528
10567500
-37987038
93280084
-2253370
9382983
15422495
56561877
74597946
-3617409
-27638406
1390131
8322755
10139957
55374764
9826857
-55922606
38572004
-25520647
-58514141
-3041867
-63295680
-20081754
-4337164
-62166710
-36061708
79791399
-26852355
-62184886
10937427
25499931
-20415466
26077685
-9987164
23573897
30371329
-37523472
75791687
-45576723
99021659
-21895294
-66288463
-46156866
-48284002
-26533688
-57682076
65592505
-72344274
39353155
50732567
-66063846
64869769
52214682
6720183
71800897
1331496
-19287435
9802721
-49594544
-28900436
-35374865
-35111137
-7250969
13868543
15461838
-70820644
-23204688
-18504137
-4819077
71532165
51461710
-88726358
10052902
-20939741
-36288606
-58372026
52993383
68498201
-88498188
-50199813
-50712269
21030694
-20650870
161771
-41302120
-48242721
-42934104
43090275
-35435538
14652478
2769051
4180545
-9368042
-35923251
-23412263
-40835123
10555126
39831859
-14181243
-46622702
51427289
-37063434
-21415068
-61924357
8328272
81455373
4361796
-21145930
10545305
1577454
-75253026
48986134
22657724
-27108777
57478982
-11853507
-3366204
31873898
-26325328
-63670119
78903299
29531096
26447942
-18267233
28223430
16064485
9979040
46610486
23877048
-27068370
10531527
-16973893
-49439129
-55140106
-8583214
-23876907
-17612837
-26552520
9786514
51646837
59667129
-32934276
29445181
-107394553
-45268838
-20316290
-80151867
-17084940
44539340
-72468999
-26437839
14261423
29181007
-59949905
7752853
29076025
-80866889
-12077293
3011942
-2209401
31141330
9856481
33372216
-8982261
-87241869
-86291749
-63668021
3625503
-60005468
-19123013
-31139065
17972077
-44002549
-43763444
-35219039
80187913
-14899721
37111948
-11400831
-44270790
73173334
58881111
-21549761
39015315
-345396
-45166112
-44223433
-30561261
18806641
-34817136
47985669
47713798
3285309
14293981
15555491
-16580078
-25613501
-50238119
-108922141
-17132944
-43701882
4571980
-5597538
-16259233
34536303
-40017732
-31120701
-32109335
-42047446
-49515120
74172155
-92294169
53746930
39784846
-10208459
22110112
14593912
-8640316
67894004
-55672932
-2942107
4077361
-53792710
-48692351
16793417
-55982481
16319406
-72725810
-20624371
5097023
5061346
-13873262
-79627650
-65601808
-10933084
-27348283
-98409563
-4983816
-77294019
-60270093
-67742703
11358213
-46531049
-66561946
-48401092
54641236
2110707
34114510
-41388760
13905319
38746913
22763607
29623233
30885064
-12796658
-1892824
-1949727
13596226
53241505
-46349739
63714609
-22699846
30543
40619100
34191434
79974305
-26818838
-20146713
-13823602
-53041001
28088315
-38821870
19169276
53811480
-40233244
45722094
-11582393
-823434
39762837
-29808692
26576254
83520336
42188034
-52944213
31108852
65694734
1221706
-10649679
-55727225
-10219619
-19522664
-31388002
89276106
-85831252
-53989108
-75802586
-29825469
-58302269
34724541
-11933036
-37619296
-20647893
-55651043
-70852637
-29944946
-47013281
20963926
31830863
-72267274
-57305
-101731582
-8611174
-72504763
-16750474
-21079433
49149026
-52783520
28522145
-51192726
-55630856
41050087
46739065
-11151127
5221283
7028847
-8521008
88929675
4836099
-68634264
-589607
37916902
-77211019
2436074
-25733069
-52011372
37495310
-30726409
4599897
35924114
64876368
-37465641
-35127181
-9337906
31826809
-66336229
41272847
177428
-60707329
-78095896
83727592
-35454665
20606655
-33386968
-28371611
34582475
-18785634
-38771338
14922453
-46003272
18770384
-12057460
32241545
11599414
-46440240
-61881735
5778268
57014384
-33919570
8620260
586665
-48432324
-12259954
-21873691
80902952
-32379087
44071343
28016465
-711775
36077199
13908101
-28572742
77975547
4381267
-26169238
-15199436
14132079
-6141298
-21027029
-104859985
-37030718
1858915
71986478
-23034484
-52793407
69962728
-24823596
7922130
-82533560
4168343
-75647592
43778594
26279314
-80447522
-53506525
-47101809
-22051127
-14825121
22379995
-66886517
-44926147
2730706
56578458
63630386
-18931757
-37728856
-21351621
-14532160
-4082526
43361343
-43427565
-35275786
9195533
-797962
-76946092
-26092822
-39774683
-30835743
81345941
56807664
12741634
48426226
-96688499
52465212
-4996755
5601257
44122323
54402584
-63012501
-56515145
89887430
-23141185
-76770894
15049720
39959010
-46872415
33337351
26576540
-121321677
65678978
-44616524
49846934
42283742
-103090324
47889607
-57413875
17173468
1323648
32187830
27947189
8085931
-59019474
21622135
65185267
-4554176
13829768
18568262
-28002455
52031953
-67570453
-39839853
-45320642
61534676
-53985700
-54896574
1466499
-37342021
5514615
-67552013
43358144
-37900735
28020058
-50276355
9472439
-41804996
-98886030
71945486
30410970
-53875856
-27738062
-25220875
-88680805
-42363685
23371213
56582110
53900344
1112753
15079883
26067323
18350132
-19617636
-48811623
41629669
-70922231
2162881
-20758724
31016473
-874311
7609760
37330102
86671255
6020786
54721153
-48801150
-85554308
-73271212
49419805
-56309821
34443783
-2636563
-1429305
22381518
61872114
53323230
65164910
-16002844
12149925
-39936406
-20678497
27223032
-22730952
40582716
79427354
-20714286
-16895261
23028068
85649002
-35943854
-7877209
-21785616
-25754757
34290420
-51691930
-101886464
37444500
25221084
73509336
-12988284
50830944
-28570802
-72040017
-51282450
13229902
-21585088
2527824
-8392002
-51136489
-25825356
-56921741
16197023
39887629
13755139
17693575
-42872536
-32322273
1422380
-13617381
-25694701
-47592531
14363806
-6951420
6942860
-87794563
38241789
1801631
-103148852
-54249966
-84422743
-42801187
21975715
-35819426
-19084618
35252647
-84304345
-10368441
63800604
-77611198
7481625
48180908
-6916012
43865294
23074519
-33129818
-4710769
1870528
-112438807
34106105
609271
50648264
46922639
-16074301
35917561
-67608720
-4379215
2195840
270303
-52904772
-68412777
16924181
-41839572
-44561152
42630919
-27007847
15088077
60119293
-51545886
48509652
-12198947
-20532116
37737362
-43427534
9018230
-45636682
-59731289
-4656482
-18317072
13241173
20363668
-64021076
43880032
-32723600
-58990444
-32545875
-14324287
-62307733
7091384
6777527
1727326
63839288
-2967651
106604015
54058064
-89256487
-227675
-17020810
31400854
-60598
6520540
24279881
11765413
-14729870
-61261838
-111549655
30827065
-36042824
-35495139
-45297369
-42193109
1322723
21220912
-23232940
54368075
-15165101
57886639
73351627
-54034516
2849016
58113905
-29286146
-27717945
-13122770
-30475206
23060325
36435702
-27803944
-26640572
19654545
-30705518
-1832141
-27730788
-6667797
-48304820
-27116775
-14973746
59325874
7643741
-12910796
-23156736
16679255
91549989
-17384967
-38528877
-72313684
21605732
-19233758
17219417
-7736420
-39030954
12217039
38790362
74302365
2912478
-58346041
73674729
-66964995
-21706960
5694046
-63715126
-76099378
-46505309
96647429
52699236
-24731665
-87061767
-39787848
-68487684
59720489
-10374435
-44390021
-56276517
-13068912
63383641
-13180863
-31195811
-30180997
41067213
43353478
42379024
-19698372
-120561108
-15710169
-65914380
32648812
46736834
40188604
24984383
-28661686
-31572145
4510539
-15544388
29457619
58256521
-18326939
37265149
-24445791
49089213
28404629
38259346
-36831493
-11860162
-62049355
39830393
30658628
-1759252
1335876
-74186601
34382555
8492315
-15752192
16072687
51491512
46924914
39818773
6920894
37686079
31889367
-9234678
57691126
-44844719
-23218574
-66700416
-33722154
-15538665
-44113584
-27273531
36988684
12104072
-42636479
39109487
39560200
13660748
-38861520
10467244
-10944387
73316440
36957649
-78159761
25560075
27646252
-9620376
-3074614
-51000132
-14517322
65183646
19141390
76956104
-5291261
10395457
-6980278
-31807864
-15245616
52706696
8723897
32887765
-25056744
80259493
-29008914
-25657374
-55189304
-2074444
-61028312
-72247832
11832897
29361094
-50910976
52674525
-13964936
59978725
-55192379
-31480314
-13973872
-4471742
53083256
-34004554
-33933378
-19590307
32462030
-42928474
-126882691
-61324916
25869667
-83542177
63417078
-71936474
-84429129
-48102815
-54168491
-77717161
-2636939
-57700937
15068219
-88373841
16523605
97426811
-11118967
31490462
28434643
8497023
-39572439
-59780076
35819771
29164977
-82114293
-44298045
35192910
-59614108
71673272
4629441
30596948
-17101561
-25643927
-49340392
5026968
-13294978
-81128592
-59276339
-57536894
-67957867
7735982
32593654
7153639
-65317357
39708154
-57817629
-5863558
20754422
-20636705
-14407832
26372618
71362657
5009762
24353856
-13253000
-14046705
-46316651
31611093
26035198
-20467506
90900108
-27766521
7787520
-17515277
-44847330
-17904634
-87602917
11149425
39090300
62736602
-41568868
64675671
-11675329
-18156023
4420869
1613545
-40483253
-70208758
-65030677
-47519008
32191878
5873594
-43050620
6614737
68180367
-75162665
2080782
-95948063
74147368
20926463
73002933
-31403913
1813346
-20726726
-59115690
36048644
-87355693
60966569
-45093465
-75326422
12200446
24970032
13775381
61724812
11624950
-72112718
29095875
-13291430
14056538
-2512503
-30083049
57309919
-19683593
-60246026
-112980730
-69646299
75766326
-29585382
-85552154
-52605005
30794939
-42743806
-47840893
57558436
4537934
-15002124
33652680
38541515
5604690
-45655903
28172955
-113417825
-45249815
3518737
-12896948
-98612585
-60205222
-45897570
-42893125
-54892797
34822229
-67360455
-77790180
9252591
-20762555
6151720
87067448
-95040050
11113385
50999831
10287403
-107105336
35821625
41467770
-24517318
-25469515
88973313
111564660
-4146456
-18954112
23034083
-6764188
-47029400
-74668874
-40111079
-8175780
23759457
-19713714
-13546090
8082744
100853666
26514485
-27599965
-104816832
-22724396
-7393335
90655777
-63955057
-6045119
18320587
24127611
28657864
-17587579
31775291
-55186190
14112076
-58663877
-60821052
2002675
-47513578
44849534
-23218473
-8180957
3480793
-31439307
-63161411
21678325
-89210423
-8509074
20633731
577902
25068331
57648276
-9344155
27232087
-3103167
-77238391
18437490
14816723
28529563
1468684
59422375
23406304
-33120082
4227263
-23268470
-9260886
29576754
-38247335
-68309279
24995520
38473610
12569625
53331494
60058780
-11470057
-5971399
56832487
-24838071
-14796821
96623588
19251811
-27196179
29894363
36961234
5946813
86354827
-3616245
-32959084
2111118
-48954400
6704678
2915136
-21128950
-37305592
88118859
-56225834
-30270927
-10561659
-57574058
-1471475
-62496038
-33576850
-33177129
-14964714
6406472
24053531
-10324023
-111698668
-10742864
-15333469
-48371765
18932119
-8597320
-46145037
-68236072
-2591884
-102213000
57028928
34034534
-18923810
-78097456
-59872905
8075908
78306939
-61488650
-32336054
-8143037
19199304
-39426060
-49810197
-48790709
1622134
-19747617
9282098
-10438692
4096465
43142080
-22939719
3042938
-55863526
12878917
-9008682
-41017645
-9324596
-25781697
-68102800
-76075867
-7423058
127510599
-29820898
14324906
-7012770
-2851674
-24727377
33587662
-101221066
-47731981
-58480918
66008440
-74971899
-65000864
31835914
44386069
-48870982
-49809153
7433651
-23880142
-100166073
-27412394
31606524
-44752241
-66136806
-31461103
-7245527
8368007
-39418126
45697189
15011342
-42578186
14009564
13960800
-54092220
-67778283
21166490
-13280462
-38813545
-41888909
-39329219
-30105520
14624218
40318224
-63326075
-81935616
54023418
-58411811
41828741
108069714
-5750974
-2410038
-10945077
-23399738
-636821
-56739750
64607744
-14954270
-46263117
-59451016
16658400
-18831564
-11948905
10166438
85533198
57938075
-2077728
-81476001
-42488772
1477239
-9426331
33243833
25132514
-5835370
-53070028
-120713015
50480347
-20576289
-9449239
50478664
13007076
30639991
-52274313
-30074043
-57022291
-35480407
-92699928
-27193161
2291622
-65106546
-5176773
26902202
16114943
-83522101
-71958707
1639004
22127940
-7142215
34871367
39806420
-29705127
-74782173
29382970
26627287
140763
-61844499
13087232
-60435223
95175923
-28947836
-88735834
15386203
70837575
35179079
-35726226
42172231
-65260489
28420383
-99417833
-15232236
-47912642
-79652772
-16685997
-71145662
74310862
-58128332
-20895829
1470193
-44346489
-82334433
-2725180
-89304968
-20517751
-52780952
-75010579
26539507
-22672215
86486818
-50879541
-9765749
76519674
46435816
-39234140
-35028903
5495657
58652302
41172249
-25758163
12262776
27298119
-47007494
-14992250
-4471863
-60427812
-10005325
1998939
26265387
53045305
-5097000
72609566
40244298
-20101433
38698143
-83628920
9470547
-35967828
15554417
-20234294
-63837299
33183116
-47424496
-36818801
60426151
46828967
14433256
-27901076
22045854
42885667
-30421781
46077069
62942352
-135678838
-21053229
10041640
52012321
30099847
45386048
-22699823
-83192317
-14378882
11389313
27495850
-27619215
36360343
-54724587
-47763771
-25358014
38261132
-19305004
65490749
-28069442
17196160
-47490757
-17447776
-26555846
-21930820
-14820856
-69428086
-76347399
3835097
-5223985
25665609
78949276
59798753
-37662208
43715493
32667538
85193869
1344639
-29872622
9882011
-63174329
52932255
-13015656
-76262127
13844466
30342749
-44681924
-933694
-25430762
-55793982
-22423465
95349984
-48606834
86880736
-61175491
-823860
-7564337
-41146323
-30482129
7577133
39865999
14881435
-81556994
49639396
3848564
73242386
9794068
-44712164
-32967603
-8254826
38037684
-69386205
-53779709
-24634239
25841975
32378801
-109144510
-3415042
4865688
15103537
-44904214
112079082
-10772350
-17425946
-72035408
75668913
-36516415
-17114816
80702575
-70070206
27004831
-8811158
102961287
-34667196
2738988
57029358
12721282
4759230
6643855
-15978775
-33232066
-68915806
82932656
-24951213
-31272609
47830668
54922488
-61000581
95219567
-586699
-14657456
-51505059
-59163390
85181172
-36352226
-74259347
-38307263
46395707
35468600
-1688177
-40266380
6593113
65965457
-60813007
11749564
-9095761
-53654521
35921090
-21257441
46334687
-32463445
-11317663
5492596
-12215704
-12447518
-78817811
2607635
-90164999
-44926890
28904480
-7557189
-38884772
-13189959
-75240700
21961948
-27447794
11455975
-31727733
-41577972
-14444517
-47667548
46418799
-15093012
81152821
-702305
8374147
46604208
12636729
35092675
-79681909
-35229681
-86376216
-30132214
-37332298
35716788
8973335
-38567499
-1702584
-37607248
-24439131
39722489
28623680
-42395791
-17644769
3572747
25687460
49648562
80838056
-23472588
-30752171
-1709306
-19073582
874502
57045739
-100111084
61462884
-5599716
53198003
-116924918
-67697584
-6342898
90923429
-56034111
-19570439
78759077
-34046235
23448664
-36281200
10387850
-28264706
28970531
1587831
-453592
-39651794
-21269344
-52891287
-64558621
-21228908
-34914811
-114390745
99275698
-20945367
27676021
21789978
-36105234
68062172
25655630
54276712
-86287214
54900342
-13696624
-8378960
-37445979
-45399225
21912620
-97495840
-52490301
-59486098
-8166941
26198235
66018441
-31862055
1057255
-74202558
-108149320
71069264
63025628
22373576
-64947559
-54385526
2956282
5425716
-1457523
-30196486
-67292624
-78378931
-37103453
-18143966
-92935165
-23529899
-48144613
2408954
1568570
-54595213
-25785624
-7800369
33560235
594541
-65723012
32467537
70142046
-86236030
-57596875
5357385
33424424
-5894847
15922553
24348469
-7105036
37546238
-50184155
4822485
33934988
-42964191
25382633
-33103910
-83974154
6623707
-6148838
-31016955
54454760
-81391959
-23500054
-115714931
-8949060
-35343903
-12516916
51676400
2442496
-65960015
-29252362
-98488286
-19501476
-13134622
72949230
56682846
364147
-51647393
9403975
-54975784
-9131753
76488596
19278591
68939784
-10900017
14321094
-40812902
-137229744
-73488896
-32373713
-24117774
-28817452
33620100
121061430
-41985249
-13060665
61231005
19554022
-23610323
43468901
16029649
41761010
5078684
9818389
-52104698
64509591
-20685217
-12980963
7357934
4685898
67158778
-121158009
13243130
-63872189
-6370867
26253475
-3585001
-64993334
-66513622
-4031314
9758002
-73493013
48393483
18257850
-72788072
30465075
-44616401
-15448998
-71596307
-36571741
-33326080
44786118
-15332103
-17964519
23705069
-30862472
42884175
82981318
-25513579
8762870
4283665
29334755
15811878
-21626173
60337647
-37779683
-49092484
27807825
-17419650
-72131584
-55303614
24575766
-78437133
-47251898
39235941
-85542269
70137350
-14418105
-80625887
20973266
-1643892
-40492302
-6111344
-50268742
-38696634
13651399
-63080961
-11135840
-82048744
-15155189
91359239
102054225
-34241812
66744084
43876304
8438736
-59566055
-27701489
44165181
38447677
-17553369
-111881860
-2003996
4327970
41123894
42363735
30056488
-10607049
-65286139
54183762
15745169
-18788520
-11039969
-14277797
2568834
31057980
13494730
-12681704
59316239
-39990553
9095093
-28821661
40744608
10923561
-48031831
44291641
-87191164
-73917568
66453552
-392665
10332277
-13624777
31203879
-76765878
-42933963
34933525
-44536530
107549357
-34183064
-31259615
6736503
3430783
-120275875
-45007768
-22128530
-126675047
-54919375
-828740
-5340075
-2496635
38463975
-27095389
10315091
-44824041
-2630398
53496857
68248175
3362310
3022804
-7415374
-43124448
-15448737
28009692
42105031
-8065042
3766982
7591087
-73098577
72603828
-35186358
10592669
-18425926
40304104
-475317
-26809665
-28747234
42330428
-105349512
-4416699
-57980955
4236945
32287697
-30555416
6455491
414272
-17050010
-7972903
-100601260
67567345
83625003
-34191007
-27303601
38915971
-79882030
96118682
3401026
-36871687
-15300648
-32792577
44137925
44337779
451200
-44455924
-54191163
48828394
2106810
-73408300
-53085298
31458032
24054894
78618591
-43266770
-39529839
19887758
38236978
52152769
41757101
-44263524
-44582948
-12007939
-89512495
-21093208
30955997
-69856972
-7385431
-4961896
57920745
-3318512
-23258121
16065124
-31852838
12878538
50986981
-35061840
3663546
9674907
-58649116
49462860
-42757012
35836765
-14178581
31304767
92142390
-71537018
42271807
75210625
-39931765
27115249
-104090557
11992497
36812069
57648881
-49561498
-66416316
-10587910
15450715
18858312
-44253631
-69502940
34666297
33622987
-59202638
-12792528
12606415
80328617
-103521722
-74010772
61902758
-73281723
26010123
90246334
31547315
25041805
12278988
-43936139
40385912
19280446
30293328
-11263586
-27217253
4319306
15820583
-49381789
-12197155
-39033781
29414231
-32767511
-80287464
-26567203
-54009141
-45114540
-13163501
26993869
-27121147
-34036619
79237565
-57500504
-43939043
-11845872
-18107528
-54550257
-30864689
-33972789
12127075
51604894
-70889934
-23133867
5210033
-129940626
97089733
-8178626
-46001257
-29406421
-30450925
-20612059
14244463
22308913
-16939669
-25708603
-7404952
12752688
-48936037
81790348
-17706785
-57164295
-53660001
13605200
98574130
-21613323
-22354670
40156004
-70227941
38362794
30070878
67345486
6538263
14363607
-26263600
42323280
-66496374
5047232
92329331
26212994
-32342322
-31498785
10387676
-35985591
7717964
-2073524
-16113604
-74360112
-14309188
-110959077
1513305
-38382494
4820776
54849319
-44996324
-45454502
28447423
-5548634
-65416528
82095584
-46594942
49078624
4109676
-54776659
17006462
64600750
-11989587
6653222
32299796
25159887
29997925
-55531463
-6264166
-64042770
-31975838
38961799
5989065
106301625
40853994
43407167
-51669316
45537593
27015837
-51276053
68150717
15203043
52799630
-34806763
25111475
-37980053
37878881
57547394
-19729184
33306937
10282584
44740517
23241517
51372055
5830759
22993463
-14089414
-38414412
15112909
-51741409
38975948
-7241888
77739849
53091568
-28356932
18728941
65989832
4708302
-46653206
-96615909
43738254
24883478
50933104
75771084
-74588565
36910614
-1275119
-47094646
7822529
50299613
-87332892
40706052
-36889088
11326622
16847018
60518942
-58594450
-49878133
-65049087
-29288109
-36411448
10276531
-103811032
52485153
21916667
27048642
9378471
-97106797
-16067704
-15538211
-40232538
-115271580
39194334
-7077741
50786627
56643751
44178280
32602324
43985431
-42883964
-76016744
12584064
11512296
-33688729
-1891270
11146711
27923520
22211096
14834321
-63045695
-33354104
-24943997
-24447581
-38440975
-22421821
28771900
-54141807
48652931
-40482430
4091977
26556666
-104997090
35921186
-47542998
-4344192
85054558
38889359
-1530775
-26465983
-30710628
31743431
-56787687
-19841459
-9870683
-12909978
-54757221
-63741324
-62211452
8418712
-37277555
-27342317
-4702518
-23079066
-17973241
-3832365
-26913130
-78380832
-21483910
-85825973
-35474631
-49309723
57751857
-8305093
41238710
85353028
24531761
13454222
27367723
-20742162
-1290135
44438299
13063776
-25355340
-19414159
61240630
17547440
-79974179
-58954943
-87634867
2039971
44163680
63167948
-36860038
24225337
65889754
25903718
24316578
52797341
22791555
40516229
54846630
-51745300
8681741
-34015017
-52145393
-79233819
-45498513
20364903
3386702
38722815
-49913264
-6357332
-38312218
-23795469
-41995193
38020174
-64383803
65768369
45160533
-5497384
-20606824
38705702
-21109748
-48059965
-75825027
-1049249
-63069000
-27373821
-68254406
-12831330
76040789
-24127071
8420668
78597954
18507474
-40966949
55437499
47014273
-4411713
26289158
-66420117
66843547
-3612272
31411422
-58347756
-55536068
-15866405
-58419348
9834180
46980566
71489810
35629407
2946403
-53378519
68533734
-73484321
59245734
11207703
-45946687
16880501
-71443078
-108317907
-35699044
63712131
-50983924
49147171
26316245
53372758
-64176035
6788202
-53510211
31085343
69400766
-27062869
-21879942
-50393122
77760360
46702430
55840572
-12148874
-6654167
79933607
-6545624
4147994
27368434
52015729
-32246594
72413297
-36770235
-23500285
30107767
7584702
-34873867
22985732
23291172
-103376216
23533802
40581430
-24095429
17777789
76726972
-22407021
-38438834
99386054
36306110
-19520277
25825636
41075590
-43933355
-43096484
-54123413
-40224232
-39791397
-17681241
-49665291
-51279677
-80191784
-57382667
-78128101
10561016
-78247048
14022809
-37274408
60212340
11216769
-15810407
43477428
-69497968
-26833549
60245701
50779767
111892069
50968551
52276729
33107973
32082180
-38526867
-20028033
6251894
37620308
12734722
100929917
68658989
-951595
45152875
-1710307
-49436562
-28415889
-96910886
-18472990
22697790
-50213524
22317759
-21670482
-3784444
41184163
-3228153
-23204200
-26115559
-73555061
-26981335
73074930
-34863155
-41721188
-19925461
-35976250
9554548
8797523
35413823
-51745919
-91785473
-40738182
76298522
48802266
-79906212
75290236
-5972179
-14473903
13239794
-24204230
-111867884
-16826659
-90206532
-6244635
7589459
-70426757
-28988339
-27379868
-26807051
-71944915
-47532746
-31642920
18418376
-51294128
27116052
-72261009
-4920906
16692022
91149298
-14181457
26102574
-51474257
-9472205
27088384
-13489984
-72378180
21072001
-43375384
55573885
19518561
74433409
17313711
-11989652
-55295378
531967
-40663811
-84107173
-26638946
13678294
-17070712
-75682482
17332694
66433497
-16198420
-22443221
-36084192
-55477480
-42689186
-54400958
-66419059
18561670
-5038766
14879895
4510314
-21529910
20530221
-38120207
81925158
-47207079
70937612
60888437
-12576969
65393146
28403116
88422380
52463744
-6665303
-6273062
26148829
14172923
28587379
-39604239
5721827
-509494
-53235136
-38922895
2788145
-13415203
-57225602
85776824
-13536345
-48737713
-40330675
-38170708
-13342089
-57326120
26037941
-64442172
-49376884
80758937
59210593
-25043325
3648885
-13094716
104333232
-21997712
-17646027
-36222109
26864893
-71006229
-74440711
54029390
-46082050
-37838173
-36304386
-98461972
-3955718
14118165
33284549
-19725886
-15551715
-85472496
67694483
9609605
-25411462
-32297331
49103213
-48324227
11186410
-58804599
21414881
-79061509
-19527665
-68938411
-43055384
67174593
-13743552
9494973
-61967052
-120753221
-31120409
-27589464
-100283075
-59200676
-62616189
-39815141
941809
95795284
-47765548
-56094588
-22529441
-73523962
-15680710
-93464278
27550954
-81848089
-11549579
-42132510
-64757370
-16370167
-51007606
-61668239
-30834834
20216054
10704375
-11090057
-78551079
16720714
64351642
50013664
-35154178
-4818443
-20063234
18029569
16865012
-6552389
-34114686
43225572
26631339
24535683
-14809165
-67518672
8125349
28296057
-56396649
47758082
42610433
-26599747
-93197875
-19268023
-35099024
13652025
63165323
-85634080
-5745529
-64910545
-6547743
-10264271
49232830
-4554695
2091685
83429629
23043628
-65471684
28455746
-22631093
-4366468
44129022
20238502
-19905040
49368787
-29365446
-2865558
9577354
-39816032
-25085639
-78730167
73431209
-47092896
26333081
-48665905
-53983793
-84409323
54998619
22702987
11626186
-40848465
-26885809
10658424
40346413
18956578
16039526
-30141628
-68737338
-73750480
-25697114
88445285
6947539
-29563412
-9930219
13257974
53157268
8858095
-33229374
-2852359
52170056
53557031
-6157635
-50707829
4149747
-76706912
37847808
22115450
-39381439
19178165
52564886
-66796101
12407207
-70511509
-7840862
36175192
-69869448
23757899
35916931
-26963474
-46191533
-62262353
29838281
-7664083
10418531
64188152
-5425614
-74041919
-55896970
-20220116
-69607773
-10761926
5936306
-2172096
-69483289
-60321778
-5769055
57038671
-45482337
57957324
35274597
-44773216
47119963
-14671882
15815716
-87326923
1726115
23158972
78055100
-15453256
-23597859
19616455
21529733
66532473
65538435
-24437619
-8771618
-23266643
-31917100
20949998
-51137503
-16859532
-4191726
13031373
37041999
20074232
15120102
-35681012
4615877
21549968
-5699707
-60563171
76409198
-25897519
-24253579
-64387340
18465852
-33459265
12936631
44619737
-41406014
47011944
51071279
-80114911
2336548
-50783720
41444242
-16015266
-56803720
93556527
-22041386
36842058
-37928605
-105869779
10508007
79353916
2689288
-38063307
-66902157
-18063840
17546796
-48968760
46362860
-5731941
-44525845
3829346
24016150
-24253816
49065803
28825138
64703390
-11801136
-99077892
-42373834
-68038895
41939466
-6467262
-60249510
-90811309
1910869
-28988793
26141268
20800080
-1082291
12401255
-65021959
-18634959
-77751524
64735751
60081262
19953648
77677006
-47672349
-14191922
-42713758
26159490
71400982
-66491538
7326275
-89053213
-60881407
-14186849
40278724
20040685
5748762
-29690025
21911604
19174848
-17880306
6754479
43681956
1134563
46503202
6950225
-26277944
-11484614
-15256130
11450997
-11524114
-23188557
40122478
-93320592
27494183
-47371517
-28246885
-87104392
93712502
44091217
-45000418
-42205661
36586442
5469510
14642622
18729018
38808402
3046919
-32474303
57345721
-6797798
-46580433
-56015676
-72197390
-68653203
-15058291
-25289605
22082326
-9898690
60167048
9485202
-37346197
62972379
-51883281
-16617876
35650197
-37437763
-67838709
-69080891
-28839417
-51501016
-56079635
28745971
-34506980
-87640531
13059529
-60259802
38100597
-53243366
58067988
22202331
50382635
-58708418
-45973
-42775075
-54202105
62144393
13016228
-27752492
72341150
-9944914
-22514781
-15825420
-51022762
26615112
3781309
-41045830
-6069832
-28927195
-28914286
28806151
-27666422
3596051
42715453
-80349356
-73863385
-28751031
-42529046
85765084
-21876813
59316920
14305593
-48044045
21254514
32428584
-32556700
-36041617
-49469400
19383230
-80218015
1730722
25728396
23596894
-24203573
30545872
-116478769
-7806185
-42671691
-32617631
-122290909
29991256
-32867624
-42485017
26926028
-93815673
-77647661
-52796668
-16665848
-42713560
99146504
-50218721
22730820
-72339118
6643716
30714979
-29902422
43959803
51194551
-3104926
18239606
-39438338
11860680
-28605470
64669644
-6990553
-56587964
-26317663
-75576457
-36283776
8117917
-10200746
-89058628
38562101
103499367
-44928258
25731357
-85396171
26893530
31260584
87277197
-2612548
18981624
-38425205
27046359
-53112855
17142592
-68292223
-1531764
-16135800
64185590
23658388
15009495
23855786
-123690219
13620339
17954775
72354178
-30609475
9571135
-14265273
2585185
-12984290
-75154074
28417467
-4688533
-83648537
25058509
-48777681
39619588
35505263
1943076
-30554251
-17509482
1894659
-40776400
61305266
4782467
-72607014
-33088569
36991304
-79240865
-33034961
-35940944
76213725
55220849
-56162077
-39915007
21933635
15867676
-14620050
4176389
7131966
-21254884
-72099029
-61423588
-30027857
8472209
20228725
3681003
-19103195
-24483634
26116521
-30790297
15769226
-24798258
20554616
-18433378
-29533225
57805319
72333566
-18126247
-9751315
10112765
-7006948
28472337
21037957
-29731743
-41370213
74904691
1526317
-71272893
65150444
53445438
-57440204
-55329225
52052623
26841849
-25794339
-37611330
11237272
-15570693
14895562
-3292400
47801252
-46966961
-46690092
23254349
-70711042
10502827
18956528
15414523
-81593316
-59662262
42778084
-38275460
50058887
-2562426
-36977663
60946805
-30274325
-8405232
32861455
-78329589
-15790075
42923743
74802135
-132128183
13601246
-45158863
-52559926
-12999243
-38998217
-18818946
-53231632
-59805711
24593102
15904341
54688293
-37359974
13654715
20823194
-45232559
17692717
-51016059
4191582
-27356563
-56379162
39219785
4813737
-11888727
-2462819
20393471
-94732533
-14179793
33366602
50271141
-37276736
77633765
-69109031
-58325615
23753387
2559401
15520499
-15964805
-116685439
-69790555
21133018
-122575505
-31630255
22195362
-19467164
46195241
-88497114
-52058691
54759910
17390243
30583271
24337982
-18291434
41302790
-31124020
-89433857
-49690775
-40214583
23680267
-15632065
-34290462
29922842
-35948711
-51466553
2945480
-39783049
-54641423
-49032271
-50989134
-80181508
-50086510
-49741914
-63431691
15481673
-44527780
11530156
-16354895
31454822
30038275
-11009784
-5084237
-19428365
-54126780
-32659617
17137645
17356841
43557715
39826680
-37736089
22443841
8954466
13346601
-33733538
-79050135
-37406907
-47876741
-95693990
57766999
-50115706
-39162327
-47780355
65779988
-4242076
59135146
-6976642
-2544865
-77754376
-87650474
32511098
63146989
-37772389
-9563936
-39765213
-14186860
10834339
-31276756
-81784980
26921760
-30966269
-7722505
565785
25968137
22898362
-67005355
51427612
55664292
-24133955
-46949098
20232744
-42667609
61137154
-65017920
-6482467
-30760442
56431671
3715346
-71811369
-90006181
5532466
23020588
19012882
33534479
-25314508
9658607
-37020272
-29824201
-96459128
1027012
-49661662
37821154
-8122407
-82663700
9190276
-66314368
-45384034
-2860775
64134641
18313741
13476765
43206920
7423163
12753782
-7494332
-18562346
-37713446
28113659
-47164482
39355552
30144305
75190085
-61404563
-78259769
555254
-22994739
-32039795
-37962423
-6764331
-74993874
35098114
45839922
4187131
23956505
-62560554
8521049
-25357195
2925003
25769615
-59233394
15805241
-75233933
-38482384
-24839913
69901178
-35788742
-30209983
-40465126
9315512
6775574
13809896
-32079587
-77317184
-14641795
-48389880
-30290874
-18563685
4383357
-28805511
-71972322
78895531
-62256367
-32762073
-93816572
-5697799
-72360325
-17079815
-74099225
-8036722
18641838
8710601
-39144450
-19151603
21568097
-20516849
33007367
-7334376
-26345831
-75841837
-20366800
-15275095
-20180936
49084053
26963941
15241150
-16671284
-60423006
58806002
88930154
-18873023
-17855599
-25170209
7002627
-29847986
-46071362
-2451759
11523063
-67130336
-2132511
24394194
34173716
72885371
4806294
-4016081
-10711826
-22650203
21501410
-19324253
61852099
-25381964
11080780
94556957
-38821144
41942653
-94223155
-71307582
81636494
50760031
-60990759
618236
-33377894
-7543801
-57564415
26242457
-48034688
-13409244
10582280
-16754925
-64264391
-21098205
15932176
12585047
55119251
-8046082
-30834786
-36199044
-25569026
-3925830
-53851223
81546965
-97455765
3654022
-13383161
-11262556
-7606252
-29612579
39034238
-14380236
-27002203
34616001
-8657235
-19314993
-63298971
-347645
67507395
105593528
-25792585
-38590152
11256453
-54788653
18970462
19290349
-54106171
-119226901
-39823269
68783094
-77086353
87758113
-43052867
-18111253
115919811
41456937
34165726
-68336892
-69640611
16645965
-8360244
17297658
-31560549
-31460143
-19666854
-20519369
-13911832
-42330241
-15110659
-35771410
13642695
-14312322
27092304
-78569024
-15403309
-15082203
-10164502
87319776
-55428634
-47452927
-50822904
-17268577
16100412
-62839667
4410386
24743467
-38182461
-23464950
52019643
905659
-71495109
-78516719
-86256915
-10217344
-36645428
-8131296
24730187
-53203636
-35230631
81461678
61701151
-22754897
-6700628
-37154766
47644269
49809336
-70598338
-58136355
27252739
9100362
-67404498
40802272
-75136916
-20549277
-2499076
-16007892
-451748
40350308
-30128608
53522958
1645628
13422294
59549634
-651057
-51835327
-40668584
-76599236
-7929774
38913696
-49157101
68080433
10526249
-44305062
6618194
-60686984
-35688238
-30866106
61868329
79907808
-43536918
11676133
31779151
39381658
14495569
-1922430
-31209567
19260526
13673438
-18228982
2167901
-2989407
-20110802
-38497923
-81846917
-72726539
36788163
-24317695
11437335
-10547055
29385286
-8081658
2736856
23848477
8980043
82537178
31323113
32510693
-32390728
21925769
-88687412
68385024
16156235
-43573120
-5982801
-90355546
15385655
57453130
-6121551
-15757829
59232194
62259197
17038832
6987606
-39183533
-93299833
59807045
-69265771
-100944409
-13928820
52408617
-54089661
3927705
-40699037
-26088718
-4165285
62701294
-3982335
-26756120
-34223947
-20891127
-24773477
-46001485
77394550
-25440290
-82691518
-60363021
111095351
21468679
19786533
-40208487
-76846859
17410547
-6446001
43509744
211882
-11397402
957106
-67555740
13939706
-20293871
23084990
8493624
37876396
24162997
22762958
-39739844
37478647
19379266
-28381600
-44229946
45663431
24861917
43738891
-9272515
-36212657
36002818
-22291514
26321910
20364279
-11405233
63899031
55029686
7046097
29486144
-35181033
-54405576
-41151201
102002757
-39088889
23227904
-117173429
66030856
-57368537
18015070
-9873221
-18125218
-51684252
46618635
111323380
-58854345
-24425548
24806576
7747024
49587249
-14570568
12584770
-10437158
-58372404
73661443
-26458106
-43076905
-17420827
31697509
37156986
-43310072
-32318844
-23982346
-100900265
98714381
-791386
51138304
37269399
-40426965
61652062
-27103304
-37103228
-32697543
-5197874
-48507131
19521828
39502576
6443751
5432634
-7751372
54443635
894888
28015538
-89161066
7447742
-13372158
95210726
-7154646
-41074010
-17959173
-27512171
29333738
19121558
55823416
-47909829
41888113
-12684180
36020561
-40068501
56882148
72365564
-23737532
-21348218
-84845152
-130252947
-86663903
11540114
27263533
10406913
43352935
17121799
28081412
22061269
-77380676
-3755653
31805424
67658405
-67429600
-20729931
2141931
-8042994
63212411
-98773233
4958659
13418810
-40622537
-67992166
-39748670
-32455979
110463306
-27066044
8530063
11542207
57264847
-6199180
-38798578
-72857166
48916497
-12221573
42968458
759538
105005242
48382024
-2646170
11748885
56392491
-6809971
-31239559
1593725
-65761966
95744926
-117846103
-93706358
50734440
-43099038
-40026544
34654660
57842561
-231083
-443234
48536616
75255418
15845487
10906939
11587804
94114651
507515
10997441
36749101
32182600
-62923384
-9406088
-285440
17773391
73755717
-838898
-36725567
-67600393
57459114
24702406
1212281
-41497555
-47878117
-20178989
41227505
-110342709
-53058855
-62367178
22354832
56960714
-47362522
-44077256
-20096222
48439508
-81042319
19011934
-49066936
-102576025
-4564378
-45781329
-3128849
-21798892
39712350
-12836870
7998753
-766249
56250185
-31396493
-81124856
11048427
3320492
-13040208
-49445900
-57106039
947742
19200304
-26578661
-45604779
-13880255
-1461552
-60854056
-78892955
-73908252
40829935
-16181792
-91419421
-42135705
-719594
12800526
-57937244
-21658341
-42702423
-25433129
-22605029
-14572466
-58010294
-5627133
-32896032
-60700886
99974810
-22993349
-104661665
37968786
-33863772
-24571820
28054451
66297593
-20970358
60569035
27480
49411244
9383937
-33159492
-59103603
-47367256
-66296382
-51335236
-27493774
75744707
41838847
-10333944
-28331644
28507318
-57140984
-15465970
22335858
55413227
9076776
18106739
69229502
41529232
72901162
-48444942
-66774207
-54963185
-34638697
-74154210
-51289691
-25170716
-53022375
3303210
-113658367
9689932
3680855
-69638653
34443767
-27863868
-2118894
20709156
41641331
36748254
21945636
-22238200
10515946
35850456
29394336
-25264088
-51968802
48592365
53644936
16897148
7105223
-9409200
-31001587
17926457
6075323
-65633870
64237747
4705559
25149610
42695010
-4440260
6377779
30564553
48705175
-35224431
-61536844
39632018
-18268484
-23604275
40298735
8331528
36078236
-47419040
-50450203
-30731147
-122493923
-120633752
-63227703
-52410378
27055073
72297892
48930971
-19722845
1045459
-28403353
-5320091
35319322
-53015169
13474968
68823056
14932669
-46548957
54566012
-6387983
-18181526
59911068
25629079
30435117
-34943460
-6575343
38241901
-63820045
21044363
2683146
-15247097
15876164
-34065738
-52548801
11713289
-22649534
-4512853
47674865
-32160573
-16170899
33343539
62400616
56216172
77961758
-91749894
-12390699
-11080573
-105072493
-42033545
-49145499
-45313271
31471976
-38041500
78506553
39577235
-5751090
32028861
12255097
39805820
-14282962
-27726665
-32664448
45960393
-56178194
-1301074
-25411229
21913040
15542668
-54875464
81099000
-44651799
-20430153
45284160
11535913
9130964
18423377
-87504418
-80437559
55740016
-37895565
69006025
-9890878
-80744232
-59539367
-42967234
74018062
-40495429
-49296211
44402330
-10871413
24863579
58574163
-65307422
9953247
-56170902
-80554070
17573458
-13222859
8255527
-74254345
34370245
-51292983
24523274
50494180
93118073
-25340911
-60223783
-38325758
73354146
62612404
10770
28209750
19757800
-35714429
68320762
42987243
46360585
46472031
107458352
-6776792
-16074607
14747813
47541588
-91087663
-14956016
77873635
-99902208
6438038
-30639977
24824299
52268069
-24542336
-27368621
-78394006
85437646
-17239303
36188479
29729615
-70533564
96721183
68804686
-79526478
19326441
-4856059
-41948591
-10726723
-10446061
38578590
64973589
2109334
-11221392
18039239
-71935089
20464305
-61284868
-17259086
733149
-22086799
-116830127
-12697230
17360393
-23612784
39039959
13685821
-48005549
-36129703
63566566
-6742229
-12062886
-11161152
66852242
43426961
20003049
-18586301
-7029591
-21743195
-40645611
67094690
-20676418
-79930547
5627508
-83969210
-6538711
89388277
-31518179
-47716264
-3733554
58014794
17756976
109568898
-21371824
8672866
37951882
-103264546
-39331064
23282602
-16581721
-25415399
188242
2287693
23995747
-40230014
-2851960
57932751
69337525
-9190888
-47950782
-1282231
6732960
-8738804
-49222188
62896112
-8012013
1654907
-63190162
-30722585
-60598352
-64602757
-36476504
-5496379
51909913
18938730
71491828
30201354
29570890
-46532952
-3777293
80001068
-29436257
-41219605
-30394196
64548714
-17297584
2204332
-13140486
-69905420
-18381227
-5685823
14747262
6165806
26640690
-5072472
18437387
-43924748
4489761
8481595
-50368177
-38221071
-44714443
12126092
10644411
-39976194
-17839295
-33291492
37157606
-95386799
-34433030
-37877995
-3835802
-83419743
-13135858
-26259449
-69464288
-52762986
-1438894
-1413248
28722752
-29647764
-6581391
34513387
38280826
29086031
32822547
-13163503
-2532101
29715182
9610536
48357187
-23494850
17948404
-29316535
-33909333
9743795
-14019507
-30809554
-57332484
4220020
48787364
-35154356
56456773
-29231789
-8930395
4053335
-33716994
-7730542
-488389
6504427
9720980
-68686343
-47231879
-186192
-87751927
43224738
21854794
-16428057
-7960185
-54627611
-30930119
21941490
-44727142
16481712
-33337718
83810568
6923618
-9594825
10488004
-32447090
44157851
48303384
-8534717
86695695
25577725
36001669
-16168422
9614339
-230273
13953631
-37534944
-63685524
-33207695
76043780
-66349171
-51031168
-60862860
-10113637
47442176
23583082
-120624334
-89856606
11810252
46423035
42152958
-46465236
-49156579
16211920
54020342
1107435
14625515
-15901034
42689273
-36852259
38089928
21742027
38618230
-31742123
30627305
-11502547
-77213116
-46940952
18393817
-104496347
78987472
18606492
-64085308
47631129
-53695006
36784853
40627966
-91818963
49673792
-43961601
91330365
-53247972
46238756
28956264
-74204432
-2776468
-20238257
-61601732
20718790
-36561299
65434322
54275452
14413676
-10444662
57686463
-36400739
37525581
-55723629
49926211
-7740445
-21145441
47949121
-20291525
-10033682
-24512805
-1393211
-18945048
65444030
-24618098
5501842
-22698299
-43905605
-32140986
26299834
6261538
-38808081
30109630
-20075487
-14583712
24500194
73419831
-43603606
-40178468
-76967123
-3543680
2775109
6723137
10991523
-126991506
-2510274
3230207
40099269
-42753268
-82130128
79030449
55443775
27762406
-27746428
1415462
-27504954
-14421744
-4246647
-29007221
-11593140
-56175943
45388611
-27537162
-15758117
68603887
19485685
-27683811
10077838
5025231
371474
-47301652
-23118340
1756283
-91185451
30446129
-43452074
18965638
26550010
-94470569
-78434318
7477911
16085945
-52636184
34770742
36225635
-40928700
-17195281
-10611119
41547810
-33689110
-54011979
-62438341
80504832
-23350777
-23210182
-51500663
-92315553
-5454991
60281383
-4942198
70372891
-78202214
-14201807
-61336325
41155475
61468043
4321155
-65379326
-1759682
-51922232
52895405
-46460853
-26908103
61640278
-80086173
-67022102
36906950
18574857
-66297273
64041789
-75746713
33967416
-3505998
62020929
-19975262
100186199
-7659222
59474643
-13584214
-36915483
-41207114
-35689238
-52950997
-72526909
-47464139
26894915
35292981
-9399111
-38435048
-39873496
42404917
27877889
-29817092
53665124
-10373175
8318569
52378776
-26419604
29210927
-16826944
37190127
-78848101
-18373382
25663237
93049950
-3289463
-19309927
-30308131
-44370998
3258526
53496160
-5090385
-12174965
-14687274
48209685
-20365884
25181466
44809716
-13149174
-20158319
-88473416
69970488
-28087925
-41778903
18455436
10062095
-31486490
-34944907
-13083911
-44247202
-8120231
-15817296
7138287
-35884332
-20702055
-18762665
-33196160
52394010
-21507878
20956186
-13053191
31335906
-57433921
8903182
45431919
51508588
-887031
23072945
-11101849
-76060122
61236772
6727314
27581533
-46975848
-36052765
-131429001
-882289
-3998875
63351844
-63527698
-75881816
-98612824
10072951
35579514
-76378725
-3635263
-40294275
-73439219
8309328
55327736
-69760867
-86663086
-12089942
31537044
30929862
33103057
-3896147
21896270
53187423
54753075
8797379
-63351998
70789004
-31502764
32720928
-14612371
-12402630
87804595
163762
96476509
69722003
-8143990
-34502884
-44052661
8209086
7222682
37284787
42929828
73164194
24144706
-31307468
53973125
-22971324
-17264544
-20675345
-20734751
62719737
-65319368
38666454
-71562197
29668635
-28075991
-4412186
6916092
-44052582
-82313188
-7842897
22600892
-81988260
64358886
23746304
27700421
61225965
-54687898
66610446
63766810
9487285
43373115
33022897
43055849
-94839608
-46758267
-63917069
-84596814
556833
56944203
-56467169
-28407718
29432749
-7222221
-46764310
-97729602
-86572517
-9589332
-45035797
-35194105
12789456
37397802
-2829862
10650467
43850009
-25675989
61795592
3394820
7946707
11238375
22696736
-47867524
-26310189
56361216
-57974626
-35416763
96938845
-59181624
35109088
-8219007
-25759977
-55282062
-101144932
-1731212
-74784675
-66486660
-12981423
4266746
35221137
-25386893
-29663234
81938256
-51701426
7579550
-19898350
-72595581
29771980
-8390015
-34136148
42679073
12235964
1612521
-60201827
-56309272
-76424133
-2616495
-29449798
-71670355
31824953
27293782
15976386
-85047146
34850359
-47949770
24043169
-84947075
79378460
91175371
42490236
-47160647
21175394
-109900895
1275330
-83769943
39765920
-13814182
1149857
972618
-4574035
-105395146
27303406
-54738387
44398418
-74683475
-41298558
-42645218
-13271004
66937693
-42686931
18802313
31299145
25078546
44745018
57398142
70100285
-67818683
19603281
8841007
-77034671
-36522153
-42957473
19979580
-17803266
-104500358
-80088711
26248988
24493751
-37368271
52159589
-60880762
-32764139
9683327
-96654479
-65462911
53323664
46791159
-7122283
-13655396
89680745
13478400
-78968475
-63376862
-8951934
45211242
-35690337
89092226
35684422
-51736972
24182559
28699916
-33381950
-11425542
85031125
-4058898
-72096356
-16502542
-24130017
52631680
16591879
56744106
-16622524
-60548962
-37059563
10491150
-13695103
10585960
-19933367
29106163
39943125
-18248095
-3008144
-36996961
-101461730
-61046590
53288145
14579151
28850049
30413142
9486204
10053451
-5660529
-2587998
-3829634
34789579
-25954179
-7390900
-94055915
2396342
-17721034
16795914
-23754467
-10920760
-13007188
-40860324
-34009063
30637995
22674969
52329555
-50806562
-44835297
70829673
32181544
-58496803
-33858677
-14253333
41181934
-45588309
-6234832
4578835
36924352
-17900903
-36812818
10767086
-36587536
11030293
-29954557
-23426727
1823845
-60642509
-119991631
25368115
-25742803
-105940795
14179858
11714230
-25264449
-44959539
-54799655
57413416
-52496837
-24408613
-20871157
42825208
-84776091
-17381809
-32947267
46847575
-17858
-5029126
-11891312
-22017563
19889167
-13280555
52689781
50266377
-59374567
-27548908
-102231774
-42299476
-51162726
20579365
-50886802
22293015
-582012
2114449
-49801053
-28221955
-38219627
-69780534
-28993328
-63025634
-26653792
-9536527
4648044
-15785734
5287018
46936966
-57258527
-4633146
-48882669
83037321
-59682348
-39658316
-39520930
12867473
51369972
-3379130
609126
-81429838
-56532090
-20914384
-66444957
42608004
-62912368
-24020135
43570291
919746
-1590636
-48281607
-76562557
15828
121634596
-75865384
25440650
29562011
-85437134
10114484
-32718754
-1528315
-9780635
6588155
34650530
-25581085
27229981
-22726975
9816790
-5136003
-73408595
-19240316
60004491
18986507
-67021500
18187331
6897137
-47254136
60282055
-38985668
38055920
-93898028
5519254
-32819511
-37308350
56070555
64494036
43625932
-15819941
-76348036
40558512
-4966598
-44133371
-52492091
17505937
-16996306
53782067
-110989772
21086018
-8668895
-71554174
1013342
-12983880
22522614
-36154426
50872662
-19633959
19501032
-65790853
-15261398
-25423280
-22484396
27251487
-55077188
43369273
-55334953
-43423089
-32208782
39262166
8565140
-52937977
-25400154
-64577799
8970261
32443925
27613442
67375363
-69603518
21219497
-14284657
58027053
25882618
-59162911
-87230210
16548114
-71487037
59972705
-23168356
-64149866
-82568819
-59364520
-52596998
60618176
-18123255
-17512871
-45237366
20601427
33076813
10245518
45550811
-6316531
84339714
49669950
35663932
51584074
16959140
83274910
-27777972
41493797
-29879215
41812659
50168613
-66612676
-13852146
21475222
39215533
-105591226
-59037211
-77974096
32707157
10718394
-19256905
-59245413
-72464934
11315322
-40179003
18802398
-41591313
-36294025
49414687
17386585
-25635761
-3495209
9985950
74795813
-29385343
-47309691
-99996734
-45172275
-55027363
52563157
-700001
26993257
-16379678
-12410756
24030321
-53939058
-19474748
82879512
-83879051
-29725229
-9213665
-57574476
7983757
19700736
-39006159
-5920868
-12317003
-37842697
-23994063
15213044
39837755
-71808137
100958400
5883780
5285995
-15606605
-21984729
-34496841
29770303
2533873
-39168686
-88855015
-19644176
35704884
26112492
94036267
-40663761
76615965
44641100
26791031
20828283
53987572
6927097
1404979
4024325
-21407556
55940479
-22218659
49987063
-16022356
68981854
-57565517
57390843
25627345
48356198
-39473902
10386575
49019616
-8056616
87044381
6071374
-9655778
-7718494
-80765158
-79271821
-8319026
-26008004
-9021104
-34069953
-22953190
27451669
-66701255
-12549913
9627785
15596185
-43040065
-21904585
34505857
-9870819
20614075
35205418
-46040839
17039758
-15808080
80585049
7090871
401672
-54290807
26571674
-68867842
75071418
23246859
53770183
55391574
-34496782
-20333083
42784036
2173267
21422304
-20099629
46723683
-84587874
-44229648
14045544
34213444
57741425
-6669358
-36200768
-97270975
425571
24613116
24354726
-1741731
-49827380
-53354467
-13448410
-11445427
2218525
-21909079
-45357441
301953
-30136791
-54589400
14431956
-26885691
36145364
73297761
118097912
36492787
-39721583
-67719817
81588763
-29727890
2249532
-27592725
38658987
273972
31029046
19605063
-20706117
43817002
-46375362
54530096
-21538467
55995215
-103970591
-58288492
-9738578
-28676257
-30347218
-86093905
-1312368
4311438
-12568797
-5463672
-38557423
35524106
-49138510
24941091
-28236563
-32914862
-69864732
46138196
-10852310
47286844
84338983
-99403086
51675541
-18801540
-19785001
-95525861
-36545331
33008952
-43809317
-40353203
-27619570
-82103864
29728856
-111481775
27485362
8720518
-16090711
7080299
35001680
-63934731
-8568193
-10598575
16426811
-41051274
63699529
76118215
-10376681
19556086
-18065960
90774693
-48238641
-5300580
-58807266
-490933
56333549
-68998965
-26138800
4446554
-4917330
76280688
69326297
1119834
-6572801
16762874
6112672
-15053303
21573533
-19464435
-9043170
-41919622
93580224
1303449
10303783
52050894
2975461
-76959648
50407882
29211651
-20544423
-19037175
-10232924
1919367
45522964
-56337241
45116886
16456830
-36664562
58738081
-55144613
5240831
13692440
8666320
9235413
11096875
-31697629
3290479
21758499
-49265081
-42593005
-30098260
5606630
2615573
-27236503
21518322
-23690770
-8842938
-71899028
83962385
-103937512
-31571939
-63776338
-11851105
-97855270
33173327
-2553111
-91128082
-26787589
22781583
-98147533
38526363
-1598064
-1777185
26622978
72149532
20710942
-49264053
-11749786
46470467
47041973
-99458613
-14735264
-21205666
-15222036
18349464
-25167871
64626920
-27833311
9318333
-27466356
17519560
84753909
-29264267
-36073834
-64631779
-10013934
6423011
-37862259
46641311
67609759
-61638647
-95683979
-5210749
51869558
82081502
51145011
25785910
-4652818
-70004879
-40242745
-60749453
37064893
-17681727
35264946
-5685416
-127968219
-45211792
-64992586
-49933866
41069565
27802740
-18237171
32892072
-27842557
53338044
66169019
10394808
44124780
60607402
8790331
-39070265
4162712
68410123
-21226861
30001217
-23676352
20668867
14954249
24921845
-76341403
31529268
-62957310
36236128
-9240886
-10422246
45222124
-13033031
-46708020
14957602
-63011743
-56740787
-34686972
44606455
18652387
11224493
28209163
28598845
-65376985
-72718143
-82937806
-36195917
-44391396
33098376
-17669870
-21345039
7482314
-331985
105101957
52667111
-1667515
-538685
27068109
-49362738
44352923
-60153289
-10713231
74841178
-33291003
-5927454
28219235
-53160740
-32070366
-69834345
10954145
-36639245
65061954
-25421023
-86750160
68162611
-8365598
-44293887
-79285313
-57597604
44552909
-32074118
-57374640
-59475466
-52282482
21956800
-12792786
-9317324
13116529
29306270
25363586
-15684143
60910446
-53001363
68500565
6192865
56780142
44752002
50536868
-40062382
-13837530
-13978832
-25270513
-47270928
53468765
85068225
-15114572
-15122948
-11999141
-14028967
20523069
68067899
31772781
-110015460
-26627839
-30429679
10281783
-87557645
64068391
-26153617
91624815
2359021
-27915426
55282476
34587870
-104939824
-25269029
-12839157
31320444
-22881436
3727987
14092817
6549099
53913568
65218340
28422847
30489567
56669825
-4472589
7463747
38421108
-17337075
-35864354
-38673001
-13469291
47629187
-3646888
-44968964
-84719022
-2229959
-18096898
-118086522
-31964862
-67193896
49435984
28339565
-19284293
-2008449
-23574817
-48469272
1320035
-34779780
-8210427
-21034607
-47222034
-22993112
25759729
4650836
-9866148
-13525816
19074729
-38960592
-119355683
-93042785
-30130553
-29489718
-23249412
11571852
-29582634
-25388392
-7284425
-12246597
-69540598
-14932771
-12143267
51104242
-24374928
-36681041
-12164034
20487229
-1696375
-59764395
23937866
65869737
-67919400
66059939
10685645
-42234859
56715578
-25961689
27377274
25393595
8928119
-7163934
55076839
-11182090
-40068563
-44693941
-36983910
-39481025
46546016
-22231560
-25188337
22169680
-13216120
984732
-38573638
-65966396
-96825507
17905202
-19270122
64200450
8602399
32238384
-65229220
58620622
-5755324
-2516757
2166028
-21495795
45261492
64379048
41216288
-67911877
9422535
11219311
35316870
-11859547
29672763
-75089921
-87114270
-45981948
-10356167
22947463
34634395
-28095431
5316103
-744057
15732439
-57925731
-28055424
24112213
-12631271
1296752
-27683206
-65739160
-19230255
-36525891
84091255
38815555
-80248378
-40836100
-30435441
7176955
-59448689
-32256977
-3114477
-36183521
2001015
2595957
-11301073
16367367
-12966474
31058911
-48373735
-35794867
-20029014
59161518
-25538684
20680901
372192
-29827485
-28716517
-9029422
-26143498
-69022018
-35424736
-19341758
-47950462
-29720585
-18711855
5118326
-347400
15585192
-16643815
-41402670
47413701
-10349235
-40958437
-68796068
-9182977
-78764589
25155271
-29669266
113457387
28108562
-15543789
38694384
-12245253
-24898168
39038458
-35169576
-21689007
43326284
28283894
57478210
21850883
55656784
-13897946
34330366
58931895
-2584484
-15701675
-70084008
-19996651
7169279
-24513772
-30069129
-52784943
54253106
9817422
-70242496
-72206091
-12538038
-61131106
88900540
-559347
27343468
-1216351
-128256575
-55977615
-14066280
14761009
-90744178
-47495891
-16558461
11382843
38254155
-38181070
16402108
-20605749
-50861909
-69727316
228641
-81876777
18042023
32472095
-25902
35821046
254742
-3488819
-59008319
39903980
-43830421
38324060
6015758
53706861
-40624655
-29039070
-22071142
-22881043
8596184
29354825
-35298741
54893807
84091829
-85779479
13555714
-75930274
-104769961
47613003
-51658018
-48645351
13022082
-29966813
-24074578
-71231294
-2552234
-8120090
66223113
-10508013
-62697837
20642911
-69807627
-118977546
-51969635
-5579761
11467768
66367497
-3119896
-12564251
-31123104
-29245764
-28375605
269595
-15641639
3096878
-54974699
2254821
1313253
-47076374
7921317
-43171423
-25008348
-6925525
-11871355
47325913
41645882
20884205
-32283861
-12789450
-24394666
-61013975
16605022
-51068983
-27095738
-45557135
-108719145
-76524003
40557531
-81448007
-7979281
28098929
-45963433
39845541
-36702153
57037999
55267647
-10604929
86761457
-33493766
6624218
-94596147
45592448
37174783
-46463442
-3054450
67735019
-6163929
32343439
-42244502
15892017
-50806272
-68640995
-41949299
-1167380
-43551567
-32973744
-2136623
-14034617
-60743147
-5342451
25882542
-84005952
14117068
-80040977
17033363
-17280320
-78002107
-52749166
-10743577
-68357354
-1678071
781100
-48429961
-17969098
-10550281
-39082889
-27810428
-33760940
14479840
-1731154
49889505
-71486952
-7503537
-34276817
-41079608
16570330
-83853242
-52047078
76213393
41801647
39797296
-18780790
2497567
-15104703
28870579
33251593
20706476
10327840
-9150370
-53357539
45634398
37612227
-46925049
-32328977
-7526385
-56295363
23906933
-60964407
39364973
2027665
-23428638
5098031
36016770
-13740863
10361170
79605381
-23345990
-74435747
-20083621
16323406
48427346
-3546613
-67437558
-3967137
75925916
-50384226
23295948
56523416
-20782571
-24350494
-73181471
-39944602
53905006
-41760100
20754306
-71994037
41964472
43901426
85087443
-2741442
10380476
1184846
-11689058
4210703
3280619
13770633
-30465091
12449812
-84277812
-46458756
-34925962
56553109
-2265076
86170461
29515340
38065950
53385925
-9373535
-23820459
63532689
56143873
6505152
-53531304
-33714216
47544450
-2964003
22605851
-66497581
-71078307
-18965484
97522658
-6049503
-73986571
-67893689
58794482
14035776
65304691
21640222
-56380453
-88181433
-60705333
-86444505
-96942799
62742097
119800753
4421294
-24092465
77281881
-81926396
-33484230
-25874391
38083116
-4221660
39528069
-25822204
95890212
-14476040
-8750994
-83575432
-17420907
36437697
-33224868
-3679029
7652783
-6922406
8451688
-63727297
-32919874
-20418303
-3443731
-63534884
12813842
-59138393
-79169480
-7213859
5546856
-56198853
14202376
37124986
-61081556
-100193739
19227765
-7371526
16656613
-29546606
67530052
-19262349
-47137655
-125094334
-5348325
-9084153
-21872611
-38128443
-8234771
-13614332
-11988468
9420528
-1031720
-17314396
1726321
-14556807
-47292640
-11923447
-8614951
-12512658
-34183184
-7393241
-41638058
-36687433
42473864
55897673
18353554
-62580059
60441603
44724285
-4873312
1975240
107560467
3780725
-53868544
59763580
-5792889
21833809
56929617
36157288
-29555113
-47249595
40422580
2666867
76680466
-14623763
11569342
-43414869
-1874115
29510708
-30187536
-13589614
43568506
8475049
-1980568
16242750
-45365999
17854465
-24905874
10514645
-38139497
-49678114
-22282172
-66339417
78420247
-19120813
-40830022
60677977
2090366
19785488
14531207
19214167
-3214554
-66016583
-2354610
43447630
-29387717
-7907014
-34691791
-26516848
91494292
55954420
23352808
-22696858
-23007559
12681866
-8987356
-32094309
-26818727
-14102460
-45336903
44398628
-5056329
78807668
58206952
97889400
-54726945
-58875291
16981421
3309897
-70622729
-54110066
75295084
-12676733
-16398070
-64395298
-920510
48740451
35785789
4126556
6321109
-28720482
-49855874
-54398914
-59897771
-72045578
53445821
99143194
74336355
-51805458
66933562
29411773
-3339010
-9826902
66838294
-15553489
-8703896
-33184940
-20209535
34379879
-24892054
47262352
-4466444
14127168
-36461781
117237143
29584146
25009434
-56606218
-18684780
-61752050
-45755773
-40366928
17241415
-54399951
21845995
65415267
-21215852
33298091
-39140043
-20290659
49229126
99273240
59405762
-44097037
25588356
-53044498
31626855
90573542
-27839038
-25895709
12502241
88155312
-66613701
-2538437
22578669
-39066521
-44490452
-540712
68057663
-30992415
30005152
8771795
-8522703
2259643
83844
12634561
389816
-95148717
60369162
88623479
3026314
-11840446
-10494397
28106545
-14854817
46693420
-6033205
-6306293
40390929
-62142188
-90379352
-32421231
-14153611
29020323
-48475997
-54056079
28801326
18658378
22468458
10003103
85023391
51744607
6013776
52432855
-37717701
11023936
-20045859
-24349474
-31034927
-67125222
-65891732
-14056052
3155965
-13407632
32753507
848698
91723045
5675906
-3199376
-3490266
-64847936
-68749277
-52052069
11953717
39876464
-35984581
-18572723
53297520
76877774
-37419559
-60533802
-29931646
16493730
37973457
-66570649
39741551
34718011
-57099624
-10819907
7900475
-83752600
-21697869
7050009
1405181
-4119473
26095042
88656382
13244842
-2340908
-45076781
23268787
-22542397
34774092
25832726
-15763504
-22402679
-57403301
-9475950
-983492
-24898792
-30428330
-14170483
-41011074
-26187177
77049117
-14742246
27518068
-50075642
-40510333
419305
35801951
-37326270
48560304
6817210
37949299
8520536
-1764657
-53914844
-43659435
-27186980
11333746
27869962
52579921
-13519500
33983005
39773361
50746203
75330025
4118956
45090118
37036335
53664591
38231141
16612286
-35286380
9549774
34534286
-1696691
17758335
19906722
-50422075
6127808
-51668364
-54734357
116076877
-6320379
-66959023
-49291288
-67714027
25815312
-96806458
-82130804
48061448
584313
207819
-2053517
-68866704
-23536482
-40480103
14935468
78788550
-7553109
69323990
-84951480
-3403002
4421132
27660465
-557927
-17938293
31652203
-54830195
-40638263
-111499545
-37680850
97688225
23683768
89259823
33951085
9861502
33781168
-96344036
7875483
11735727
-21302140
-6470826
-15674957
29080896
-47738014
-22084065
9722112
41514478
31526047
54193752
-68229713
99522936
-12297361
-24410331
-87060334
5249522
-77510897
-69233693
-20988899
28575696
65281756
19632634
55412206
25575486
-37696271
12428678
-71123360
-21719080
-60925090
-126602391
36930599
117663757
-55889523
-7625734
28700670
-77981958
-5078094
45569040
8718194
-53056335
-20995172
-25007934
-28823457
19654094
44987994
3751973
37464373
-36183835
43211877
56465795
14576729
39781138
-44807817
57347861
-40282068
5205309
-9511470
-29444321
36571848
-69391985
-1008188
3028227
90210354
-38350610
-39507895
-149722
-44177921
24608658
-9707322
21280061
30164181
-21929967
-5986644
-48485049
-58197856
14367561
-49557236
-13064642
-97628643
-51070556
-3932910
-72490762
37479146
19204964
-38858373
1646113
57377934
72965865
-38057802
85678930
20892492
-21376854
-24828560
52699295
74054438
21215831
35833947
-9991329
26167889
-76828998
-19502061
17285064
34402127
-71950101
3052920
-30945816
5515240
10523133
-20630785
-2489637
-45680495
-27966916
9205406
-8417457
45461713
-4272767
70583560
30233603
21477188
60633861
-73190382
3688347
-53881530
-39009116
48783943
50279581
10891873
-8085084
30883175
8282729
-7165528
-7187818
44749626
-48864825
987414
-34543435
-39524848
-694807
-91591127
243792
16485232
-29667310
-4429103
43545194
-23460069
-57475962
-62170234
-18273594
42570296
-54732824
-52583830
-15560903
-4697274
-86716809
41482523
26171387
-10935521
-16254464
39145041
38824065
61491410
59286247
40797589
25364921
32006337
76705544
-38813040
15500896
-42294012
43803651
-39270613
-31842887
-16068616
-21978286
-112386373
16333075
-30251336
20556603
-7502529
79008122
2625184
66098081
-12770494
-6284091
-17933721
-61736169
49151134
-5922126
4126390
9342381
-8045674
-17607658
-32857912
-11331839
45797189
46941232
-65266536
46916214
48097309
-35778318
-25377131
-41562742
-26880154
-21700320
-34829224
47495191
68262190
29133239
19789284
-60292744
-35062375
45615790
-4810248
-25076
-17905506
-81849112
8764126
14271023
-7321377
28180996
45752902
12464746
36307935
32655227
-2571725
-77105992
4736117
47582936
34079880
26361829
-28043163
-11202657
-43280310
-89934149
-14497111
822387
-14848043
-24666757
-27363971
19441461
-50313905
-10849965
-44199531
-128844816
-38637872
-27974353
-93894337
-18568638
-19565630
38848287
24134799
-1764343
-22112420
20967086
-47631711
-61531435
51956610
103095717
33595576
-58543740
22401303
-67618328
50555539
49760910
-3580284
5210707
24732854
-87318974
24120875
-121114364
-17953313
-12105447
39537854
-36536557
85294546
-72070979
29915467
-58214407
37447427
-69426139
-18141957
-64986206
25710020
24493701
-35041198
4836450
-61564467
-6608487
-20542715
-35505346
-19057455
68709432
-13114134
77568722
29696797
91444966
-8790587
18411218
16762694
-60275845
18295819
50891698
-44717705
-50291570
-33557474
26173567
-25607346
7225098
43682252
43470317
-16554238
18055015
-17975432
-11935618
66936649
-56117291
-82332341
54203335
25837483
13529546
43146162
46771896
-101632855
-28389240
-21204511
-48385032
-44166279
54018128
42573
105011360
24522162
25479536
-34433172
-27271640
-14130419
28590351
-61660616
-13848468
-60975184
-5224158
-40501082
-6428720
-54434787
-18463251
46526638
-2770628
-56028392
20872859
-2236408
3517958
-52897314
-22304137
44887310
46333346
-31588070
21014111
-78568733
20440699
10014336
18893200
56298591
-21942789
-83444418
-76751820
30809202
28432893
-30917843
-5021828
-1911423
7317841
-27416620
-47167333
-69164052
-76650001
-74508301
36134126
30216401
-74571703
-53589301
-20901967
58348666
10035991
-43416777
-29383085
-51654068
38521467
82414360
-33307438
-72024764
-25703658
-18196861
-2150504
20905169
-21806148
13042039
47027844
44995250
-44504767
47695119
27656665
-29247976
-10584185
-15851828
-6779777
-90614753
-41649560
-60904751
41719724
-12423215
-26616654
42701578
12389162
7508465
31025712
8061884
-8921469
-42925013
-20746292
-304121
31672956
-3373538
-119157160
-35046773
-6012108
1640554
-22286773
-42368613
65759881
-45001262
-30691025
-83193431
-54711255
95049535
-6970798
31803074
39897982
-32082225
29168443
-64112380
-12005890
-58127664
-65209775
-71734043
50147207
29544884
53648539
-45917093
-44079805
1216359
-73042702
-80162004
72638987
-45171117
-85509664
-3942388
62920842
-40424715
-34197480
-43737022
-18786196
10568749
464811
36715003
3282438
85896910
15593315
-14734045
-73215
37338952
-33563539
38896559
-81767926
-14807573
35214889
-43022055
4970217
52671420
103680456
-37790691
-61623750
-12623035
-33041402
14895542
-90187419
13941963
-68428515
14869902
-56819512
-49721348
48425398
58383705
-52488649
-96252234
48747701
-16437276
-32795035
33278339
-14221997
-50234313
-52525395
16943437
35257348
7332721
-3621108
-27189762
-10777287
49362791
8024098
9847130
39243242
-29324003
-33805500
-36219131
-2442513
-11073073
39314751
73853
-57577595
11039470
36706291
52671621
-8131154
18015517
53777612
-72349515
-61908985
-60753930
62525924
26249134
23826096
22514038
-89644291
-39943350
23705011
1486058
-41752116
-36413552
-16528650
-67702880
54823251
29664683
-9948124
22247111
116113737
-13940939
-75848457
-91537746
-40613261
40103239
-67313151
-71080302
-21673461
-24373290
-39580693
-39063034
37743833
-47677958
-80248282
-9648302
-44672099
55894306
-41984686
6296931
-8059959
7320100
21704902
3957737
-20096265
-67228612
5255356
-110980179
18863721
23106293
-30953930
23184941
43222278
7133819
59038526
-3132565
59420401
-22962287
37076129
-63946328
-30323327
-28222945
-48285962
5054208
-67118722
12990250
-129572582
16928047
3217529
-13127265
-93168239
18112934
-122051134
89801399
10517081
11431308
65421070
-45584894
-12227121
15706754
-64695772
-48699416
-79466421
-75109779
44954983
-76790948
20152483
-17581627
30816747
2864950
35691018
-36788164
43633893
95306275
11683727
-35594751
10002764
-45519558
74668796
52734784
14869542
51586576
-47126839
-19303127
6379064
45661918
-46901239
6975292
46921117
10237589
53275431
-25679376
31139169
92695948
-24205070
-29582470
-1586410
24094227
-1835382
-101751252
-52356073
41864173
-116496996
24028739
-2682416
-7900262
-13334783
-12652441
-39706134
16843351
70461033
-61252219
29862674
-115997464
77635676
-11281977
-49999990
64335513
-37050466
17850077
-25261931
82080633
67374614
-10802818
-38100897
-47262237
90274547
49573143
77963857
-36067257
20449069
-45321564
5348768
-59489561
-36575437
-55006280
830585
10389845
-72340734
-15587559
30241862
73230279
74693327
-17312793
24823545
23709130
-24750347
-83590150
20839803
11180187
3785824
-37737459
41544189
-17543523
23600379
-59127
25585186
49347861
-58147721
-78027178
-14128502
17636554
-9290316
-43355721
29594610
-24226787
-24696938
43827782
15492447
9097416
74212680
-39113985
-28163653
-48462887
-80300517
-41373536
-2904393
65030623
40021990
11724298
16694444
-50200012
33030909
-88249975
23637719
-9574813
-30296636
-52951295
-17880572
-9867088
-74713027
49539449
-117758502
-11034960
-42541317
-56464934
-22991186
-639457
35794218
-1806913
45287519
-19089431
58043615
-43789059
-51954521
-1458853
-50597719
101009362
-10017356
54227394
-42698994
19426126
48924211
34228987
781414
67518291
-67832847
39850436
1192751
16793075
52747614
1205904
21338245
38390099
-84731610
38110398
-19148375
23549771
-54311195
31828156
29949969
52217056
-115769804
62961495
74682866
-29664239
15045945
14346395
52971246
-123899315
-68331304
55160976
36235444
-36811025
-93740898
-75286014
-2120056
6455784
-90730542
63269248
15321788
-14792291
-9271299
-26502144
-1716672
-93783352
95704226
-3565420
28715425
-3487574
-65172284
16015042
40597223
-28711446
-48388708
-3881336
3312344
-36238094
14286072
7347123
42693650
-7636743
55017889
31587944
-23181233
-63024729
29759905
-8173609
-23111624
-9150227
-51051968
-38204365
-14344841
-18749428
-21770798
108176077
-37361320
44114264
45477533
-50748576
27274466
-32099096
-20305508
37681151
14860059
23934542
-2242810
-41797935
28717907
11996518
62340656
30605309
23129395
19887086
-13912238
-52535163
16659858
-35337270
-56452618
85481358
78064344
6849699
13970434
28813730
-38651407
-31197113
28444112
34705694
-60184597
37187840
-5651022
-74296320
40823765
14327397
24174339
14141310
43346321
37265827
-5692272
-51172730
35997221
-10608985
5459748
-19101876
-60798882
18070656
15801906
-62903792
-51408993
62333131
10517602
4329568
-58516073
23895716
-49027251
5856584
96715280
59421919
32672286
39176410
-49193789
24145507
17875510
12615256
-639125
-58364026
86572350
84145814
-74980956
-102052107
61157211
-42783460
-10452681
-60456644
-14384086
24724641
25748591
-59910802
23367862
-28347441
-53994316
11187265
20328543
-21741325
-111563064
-29201539
-10117478
50906316
-30619412
-83436708
27344901
-123409746
-19426094
-46697118
44522443
-33348164
61188785
30684429
-9598340
78832619
1001427
-22852178
-47616914
-48395678
36176811
-12557669
9697003
-3676022
-47162396
-22967681
-64444395
57989098
-72099434
27679954
-19481572
12945553
-3941200
67434551
-36423714
2546873
-46115700
-26899498
65634395
-26186576
10425713
-83909780
-33596332
-11227743
-38086794
37455396
-24129473
-74326992
21597755
18807178
-16360258
-70127081
-84204535
-72154777
-497850
7489373
-82281336
4729075
-52286758
65361362
-92563210
33330501
-77488705
12455024
-5173038
-3942053
55461750
-39472605
20922427
-59049471
-38539359
-4578057
36277040
-92573010
-6182362
-18678719
77721392
-56139284
101103990
-22739222
-43062893
-24168551
78831840
-16938002
-16174496
-70886228
-11409701
-13001165
1455072
22901105
98148616
-7962668
48954705
57680126
-57216657
32762705
-51253295
10512468
3950386
38507271
12291273
-7993016
-17225570
-24991008
29735411
-36019392
26442661
61661842
-33914988
-54985212
108678479
-3295865
-10538008
81183234
-37676652
-52817607
57126464
12935011
34327616
-12962361
80783851
-6417016
82131477
-17381541
21556985
-77592800
57271394
14771962
-64066649
-4136022
-55884738
-71688844
-33027511
34760439
15438283
-22528758
-62727462
25989017
43651791
-31976707
-20305443
32995805
-21619867
-76519022
36043237
16799139
25737980
-84454672
8871144
63947651
16594682
74425687
-36077968
82870787
-31202439
15856294
-58113070
-75995243
-28625616
73691517
-12316044
12716420
27133680
-97560055
10714410
-37394939
-56832551
-2820238
-23392116
-23192310
-30769536
-82721682
35240949
-17411510
-32915611
-89159726
-11646910
41587774
-40749423
-3618797
3965439
-45833566
-68332382
47823614
32730806
42950583
23744483
49765330
-26255753
-22409032
-66385169
43398300
-18700470
-29011552
-18500471
2884045
-12085965
-67244512
71172222
-37720583
-10084167
2656921
27292475
16196971
-68452695
-22242838
-14521384
1979109
-47322898
18966815
16019427
-40434528
9967676
-7398259
-1773938
16830128
-56287204
679944
-75127757
-11105648
-65978657
62961743
-34630959
61362806
-15532287
-71037815
-57964084
-114983615
15641663
-13137793
-51330893
-113202417
59916841
-7851665
35150627
-19580381
15206134
92909279
-52518688
23890645
-44840165
-20901623
-85871475
-47695072
-89354374
-102341807
62247256
48016257
47464885
-57102146
-93048818
36730912
-96749623
6431932
-37016226
-22534127
27346645
-35554981
-9457778
16307142
-21446207
104484405
-27577213
-76872692
48566359
27322252
-62213720
-15971250
94837081
78748001
-84788501
-70162082
54454209
-47168596
644600
60962801
-61101326
-91353648
63735360
-64075980
-78424871
71958502
-24366235
-35423678
63471274
43009366
-25235026
-11784122
35026454
-1933860
-602522
-70031295
-43656112
22107263
75629679
57454416
25977341
15321652
-27180481
-72135414
35085790
9824152
-40857460
-41165144
-16002848
-8154685
-38346286
-9024503
44486748
2837302
-25379111
-25745543
-11744677
-77840716
-35326257
-5067960
-38962615
-82598563
-42608328
26832028
-11091287
-48997135
66562142
-17938698
-13050603
-2245581
-67903675
-51000394
-71147137
14152703
26676651
12744018
-26793012
-71660039
55957315
-101359302
33850374
61604168
-50754181
-4248625
37252834
33698800
-11363450
-24547126
15237952
826153
-41172079
23136727
-34555753
-112153436
43457647
27710063
47175362
-58210124
-41074626
-27354223
-805156
42702243
7004383
31897849
-30614007
-23115906
-60123847
-93345932
-53007361
-14054591
51487095
-76915182
64280861
-36268032
43217682
-5846203
30361024
-70858761
-30811216
32794721
-33965262
85600136
-29888970
-64227120
-31932606
-63260788
78430727
78378761
-41025746
-3303593
-63810067
-83759626
20554248
38728633
69443891
36616467
-26038682
-20058825
-78491623
-30273854
4376475
-40589745
76860258
-7632350
-41755592
-100461483
-70476671
-99796815
-53902420
27052576
-17336362
24353500
16487801
67342057
13765472
16365379
-19211359
-65080062
-35512542
-70526233
-14627218
21446391
27832468
3107740
-10811419
-9717102
35683441
-10994532
-15492794
-18443869
-52680545
-38687187
71631101
-3285646
-5276574
-26129941
20823846
25088944
-60189052
75874123
86601010
62521099
22887074
-31593518
-27500672
-9537158
-11297001
-74540947
17374579
-2937244
-8344798
-4642280
-23357853
50152764
34345590
64801849
30259530
-27031369
-1394235
24080707
-32214284
-36967216
-31794568
31135653
-9336838
-66827324
-10119297
-32532257
65042831
-744844
-20079839
-9238661
-4109457
-8672739
-18188524
-10074423
-53892597
-58538700
-73350771
-30484672
69429036
5514695
21005718
36588694
-25103807
-15715080
-28464683
36510165
-39396244
74182449
-23382124
19791684
22690199
-39473301
-94013495
-44567263
46381750
-48221220
-97951168
-21499877
-16518536
-33242652
38960719
96392894
26426658
-123141940
31752304
-13263891
286373
-56647697
-34602383
-21443244
-58610152
85136344
33856621
-74559509
-56067203
-2002880
-56950716
-84892191
-29246873
20119969
-11610108
-18385424
89127470
-74010485
-14112688
-20884122
-4549749
-39870287
-6363102
-70193939
43452611
-34306961
-28688282
-5766045
-49879150
-57092040
-8429585
19055962
-90525057
718006
-31450222
18993316
-18388583
58474119
35721846
-62497509
-52210642
-32252445
-34301804
27525312
34028919
-88492814
14726414
-28803285
-9654159
-83272567
28293094
30231381
-43554302
27303923
3484026
-2725737
56528590
-49516944
7440098
-9438754
-31802071
-157931
-3687912
-477961
-43249193
-59385092
-66125428
6169819
14524135
12652778
-12317243
63294596
-44674293
-59049667
-60022035
-10987418
-40016146
-32321573
32563539
23062450
-2696898
-11103665
-96595324
-32888214
-108640891
80286910
32706241
-25211779
-68304346
-37662455
44341525
64213248
-5619121
-15289347
58699191
-58592069
25659105
25266124
-21550835
69354327
-1209528
46366740
-66298088
18118190
-19859781
-76102594
-36122876
37374882
-11239140
-5042911
60674399
-46500245
113891094
37433581
48331038
8725477
-17582308
-48160203
-75051104
-3453731
-4316274
-68465279
-37716338
9216030
-24299895
11020943
78076589
7296641
-42753760
-52666170
-67998010
-30708536
-36712682
-35371211
26124412
35520251
39524568
37578666
-21849288
1348482
51845471
-47752671
-95886143
-42864760
21527618
38700156
3022794
17158665
-7748078
-44538666
-34913631
-14102764
19872579
-7560536
-34389049
-16539856
53022918
-10513872
-29381638
-84383512
-87199715
-11521935
39693899
4208170
-48341815
-134062348
-48741507
75084608
10948814
-37371642
-7114367
-16600500
-51410490
-58784071
-27682612
-75753720
40088909
-2331674
-68369808
-26033196
-44676443
-5445536
-100612895
47720739
-47660602
-33980299
-47470594
55775053
-43093951
-25541542
-11304663
-13806468
63485407
115803
-52068281
-104541395
-24876735
-22438752
-45675451
-69991960
66167431
6554063
-9298701
20845534
-1918066
-21712920
16424574
-78575259
-54345589
16877124
86757901
25453602
-86443239
-46295333
67051692
4704217
-48871472
-13487819
16198841
-50682178
102577840
98899690
-49668019
48459437
91176509
37344970
86912021
-39762587
-9647992
-61087658
-51998124
72292776
70869853
-38825335
-38469593
-3835305
-11913358
-5339692
-66816521
-77246768
2386670
-24505156
-20737476
-83982212
-7297201
-25437597
-62462290
35765628
-62815460
-15541977
-45218556
-57008698
25073361
25941533
-38745696
-8196410
2960643
4543728
-1837761
-19302350
23234027
14631155
55601833
3412715
-50923377
-60184960
7792470
-74939508
-69387291
-64221893
-9206655
14946257
-51910918
-52925539
-80755423
-22484309
72605185
10946933
-25820488
-66075654
18043518
-31395543
34310989
55030881
80382525
-71793164
-16123730
37574400
3492017
-49354908
-24009677
28047079
1382431
-9615225
48827636
-14499297
94774633
-48307373
-61226211
12523134
45567978
-47789867
-28171150
-6761157
-15267272
46932692
-29331173
-24982354
30400671
40141715
15144320
-72206512
27956172
12144619
532175
-54709051
-18276685
-14011285
-35263864
75744243
-65406140
109880846
27156352
-6172095
25544323
-99557529
56828235
-99548819
-30705350
-16994661
-10063651
8763888
22767348
43839326
-79393641
-62838558
-48795590
-34516798
-63035799
71308862
44266915
43050361
18961237
-5148612
8891840
-33623364
-20228380
-18118038
66305187
32900744
-66642512
20976691
-16366871
18305191
-22695890
-3893716
-23945687
-48351218
-4776151
-43703433
6762697
-8920073
-19653817
-45218995
-19264306
-923225
-23424584
8906479
46932884
-69722401
-4237757
-80017976
-39014093
-53781188
-3873102
12859499
50313628
-37695274
68996022
16507712
-29224699
44971697
-36690265
-72129274
30825048
-11620823
-68069804
44465976
15365475
-85396366
16068331
-38043168
-50459881
71349879
52317696
-91766980
4013559
-80537505
19052205
-68108150
-22584565
51550479
-87144344
-12339308
61485668
-37487729
-19918968
-26984620
-18631701
-9281414
-36434013
-79160933
-24033161
-8756500
-19110361
-34897033
-11263021
-57609936
-3833196
-67955734
-85555900
13913497
-46112752
13735868
21958201
-5588485
-41741341
38903099
-52086559
43468981
-63729518
-1149407
70557935
-39475153
-19312390
-50458100
-92927255
-72959426
50438455
-30587523
13616222
-17876505
16766766
-19998639
-54464509
-44437377
38301021
-88195427
-6133905
12633649
-45783807
28684416
22715193
60663810
83998578
48126743
1364294
12525748
-57163645
-39997298
32004129
-7757646
46119188
-45668334
36880793
-18353162
-40844375
-46462822
-30400341
13030690
-60109015
-68738420
-51016109
49975550
-61888206
-980170
-55760630
41978034
31761035
62181099
-71420568
41316674
9474347
-18878404
27901105
-24074725
-62239048
3959172
603304
8909086
-15372873
-26179842
10628098
-10801889
1780146
-29788705
49658765
32261871
-67499672
-58792924
-89744111
46561059
-22659666
-121941149
-5052960
30661856
-2179075
26305427
-48686629
8111493
84572568
29732877
45955896
-36530308
-55129817
5881888
27066261
63116636
-51457355
24305368
28989177
-72092897
65810882
26586471
-13611523
-38167309
-19272703
-18937590
-25956341
54682812
-74449922
-60363088
27859812
27727382
2965935
75295979
-45072780
68750556
-37378046
975731
61264111
14267612
24279636
-30083649
10297155
20599116
2834875
-88584841
-35606846
6624997
-42023102
-9772079
-58489529
-13084617
3475837
11549201
-61766582
-63622538
77435418
60925196
-10529113
-50098044
-27298503
-21367599
-77915658
-96309796
99162
79979604
-4508751
-34801168
7819283
76923602
7812607
80404028
-66286591
26308096
34945083
-24997266
-39552367
65223755
9230882
-11614345
-24295834
24414134
-32193152
32667912
-52890850
120604569
99207922
-44725501
-40115899
-46642138
8981926
10339507
36392415
-22577831
-30545924
42918632
44871541
-5598181
15959133
-575318
-101444181
-62001496
30015710
-19288973
-82328525
-47665522
22833788
49132681
40431096
-47251436
-16106723
24640328
-81048812
11743298
23629413
-4632943
6390424
-79782945
24305323
-71211403
-59851275
-105373964
49551366
-4886281
-736906
-39250364
-61806724
-70649913
-17301329
51230578
-15496160
-1409433
48884232
33683255
7304962
-15728094
-24421422
16603639
-412688
-55745194
-76280004
-34658332
23799226
12996186
-66589775
21536649
-37825646
38957684
-28030574
-70567451
30887164
-45824883
56643300
-13828765
44524876
-56902927
-1116916
4250797
-18899620
52057790
58740662
-82556278
7137248
29801928
22762261
-373094
19365393
-15284089
83888538
-21146898
53288884
-63750093
-8963985
30940962
-49303314
-54566577
-4444594
-86623562
75567371
-11474327
-14981757
-39953711
-30282072
30039485
20852886
-12880813
18505517
-40834186
-32886218
6196913
39228931
-122779629
-21181471
-19812670
-35859718
-57684024
26780767
-22894687
-4832178
68607267
-18381910
-5510263
-28716606
49295908
-9665967
40515372
-107593547
-65983497
-54518832
13920107
-741458
47227737
-11233203
33963929
-68386910
77865983
92044533
-34477807
25044029
-54516188
-6319763
-69550718
-39851070
-30093401
-125298730
81675031
32434296
-63027981
21944785
33006404
-14742541
-54193611
-37426884
55719753
63558689
-82626709
28701496
-56306734
26072930
22561600
5693453
-6987168
-30714265
-17183226
-99516160
-42283923
-32685623
-122700764
-105961941
-3781842
34884229
34018963
106214679
-2169576
49107054
-32365099
120281123
13816355
-49902866
25828470
41985699
-36652235
23013120
-96367769
52314066
44648623
-34885603
-41000639
61376146
-30601791
-66220497
3683941
-4547529
-46484652
-4615625
24585446
37585552
-23223053
-62349239
42370253
70036386
-80136774
9484531
12692628
12752466
43859751
-22947889
-45349351
-42947117
49702709
-23565560
-1153283
-46830948
-71824820
-34836270
-90730673
27790765
23048852
-13446797
-42046912
113099756
-54566829
62864419
105602094
-84015805
18645536
-47791527
-27253295
20824369
-32426581
55460918
16333438
22120065
-10324683
-48975976
-37689569
43343555
-63626493
29334329
57754598
-91822703
21607453
10050241
-13356636
-7914362
45927475
15872868
51788242
-52133663
-25377632
-24762327
-21607131
85153836
7906547
51405471
-48438849
-95370291
-9073702
-41054435
-84790111
-30912018
-825197
-29892516
-59900711
-51251785
-32069943
23588798
-55661264
-9528436
43767921
68903
27187568
-80346566
37249299
-50813444
-402875
6218801
68923253
-28651362
17061227
-17584447
-32438068
-62246514
-19545022
-72060587
62806050
-18500001
40604146
-60016504
-5880014
-33116215
-27232218
24510631
15542601
27084820
31587475
4971059
-97201994
62152527
-49205177
-6365022
-33816816
-36814037
14349808
61894203
52344088
-30097061
-14981130
-46533829
-19027822
22315797
8673584
58531553
8362334
-35961846
-7965828
51592607
-65299776
53933471
-97322647
69442668
-72046981
1469901
10277728
46044055
-40491496
55141920
-1936221
16704746
7047957
-70841131
-54808103
-72441754
89408123
-16606138
40947618
-31922316
74353275
-18248801
47310976
-47524475
101361701
-21972282
23063440
28741554
-26617989
-69687903
19582567
-29470931
-50532106
70438836
-28556438
-20544733
-8427232
-44585962
-37938232
-25732896
52759150
-4315091
-81585827
13344630
82708944
-18665979
2072322
-23344432
29578326
10830936
41749165
-33938932
54120165
23386764
-31172128
-30361180
-8573082
-56468408
26152544
3890839
-38805060
-82616532
56522312
-6902381
30352612
22800193
3552240
-56747605
-3144106
-3255231
9942640
24584879
-40714110
49911864
-27071184
5975427
16850628
-13344119
-20778539
6343035
-26106552
-25552280
-66221795
48294001
53104703
-59312707
-16460622
-5087203
-32628156
26762899
59470584
10135406
-14991906
34784027
94137892
-9249712
-6969905
12588414
7509906
-93697356
-50287453
32085940
30261471
-31359437
8472294
40027084
-72351249
19488095
-80011425
-19477707
-45270219
61581776
6298283
-36791115
-27558508
-2261387
24115477
18558549
43306247
-65149308
-89276967
-34419637
-2932571
47346963
-86486536
-74737209
26957118
-32133116
-9844393
20071945
-13562757
-83226202
26299663
7758771
-21159625
-93039998
-79835194
25514201
27655318
38003422
5944391
12929009
-73584466
31023145
-54948178
-71357072
-33332155
-8646362
-6765582
-6079999
5117817
-69414154
5187116
75523731
29214943
33394148
-22537962
-14268801
-15034144
28344046
-25485851
-14924494
94364810
-83303791
49008042
30247309
-27481184
41351876
-63523151
-19977059
118770354
-7037995
19674817
-33422088
13783565
-41149894
-83741446
44911189
-10336689
-24131858
-15678424
-38759721
67836839
-61979270
-31123172
-44649150
2843994
70278951
21290394
-61226667
-41523356
17211928
5244760
105729211
-8484691
-46750284
27323760
-45320480
20568430
40573458
95540992
-93597736
-37011003
-44828306
-75615089
-91756491
-15651914
117534888
-92906072
197995
21397114
-33574301
-4294233
-42950518
78533424
30409927
-61636012
-61521710
73748033
62236304
-49907956
-38549762
-24761283
31750440
-40910935
9004937
19369446
38166810
-103245282
-9157416
54417062
-36114147
-52417586
-11388220
8676721
12252292
42520157
11067400
-66424014
-5347280
-27554830
-26869672
-34010018
-6879924
-19043315
45261379
5912928
-92469789
-46939238
9340401
-40293521
-31096282
-95406434
72753745
10962625
-54245916
-102409646
-4374726
-52687600
-21565530
-23994469
-31226841
51228290
-12581794
30218997
-39822799
39042449
-58277575
22213581
-29866194
-32628855
-53462313
-48336540
-648392
17101516
40322132
-17833764
-18511765
9486331
-40721196
-2639819
-3487373
44604628
48879827
-130802132
-13939044
30707998
40058254
-42975153
45071279
-27369842
17824420
8989856
-16826774
-10716355
2866775
27143242
-15786752
-10142872
15683164
-89862496
22865328
43474304
62824364
81048
56487062
23975589
6862324
-12105508
-15527978
39093518
71636775
21416400
10450839
-3884312
-64720038
-52669155
-37442407
27529340
-40964487
17576977
-51858139
45948387
52675439
-22880883
-4837867
-13699922
-67779840
-52689732
85023718
-19233700
-5692850
61121528
29368240
-9042523
103585940
68587104
-17027337
19056107
-31981369
-37419720
-53207294
13862891
33758774
-4425106
-15908461
-33932337
20754551
-14209362
-53907831
-44612930
50864663
42976043
-2783338
-42008961
34849765
-5079780
15120442
15050621
-40112577
-9775052
-1192573
-60425558
-98259919
77911272
-79969407
-7380067
-14842380
-72583982
-7178996
65774843
-41212589
-71490697
33274617
74790831
-1644175
42129385
39530481
-40999541
52106045
-48480199
47217524
-77716181
-18016926
-48939380
3487989
-59034062
18467860
5303953
1701978
-39266854
-58434495
-55790744
16429605
23155590
-15453800
-4196440
-102828773
-31290672
77847869
-19531189
-26615126
-87482075
-59539189
20779829
-75095433
2375673
53653908
-22562681
47891039
-62973159
13668368
18192656
-22287438
-58762769
-9000879
-86217965
-3978056
41030088
-66552919
-125231623
15851688
-40374273
871902
-2210276
-83098689
-10161248
46843559
-61529583
-32841798
-30099968
-37439379
60703432
15845539
12385205
-44691112
-19358116
-44388359
36499762
-7442468
10440861
-17716564
15724723
-15690391
8364329
10224137
-33138874
-76657919
41931520
49379031
-12077714
21245307
38630784
-4906842
-8672394
-41305136
-36557295
17470465
19791782
-9030589
-15487286
19951988
-78609792
53082650
-81961750
31297513
31971765
50377799
27471237
47373436
49019894
71463345
-36731369
-114150667
-1252231
-59319779
-46177931
-33681961
-51339143
47731265
9231728
-5866705
-45408466
6459792
-121145881
-24599920
-17449233
-14088956
-32142888
-38030415
-43638438
26300493
-7940822
22262483
3734370
-4132890
45056623
-32339581
23236569
41535095
-40067495
41209586
-6829537
-83106849
-296928
-17642465
81079702
-12991550
34847947
-33148568
22133040
-49399850
-105875508
52698392
-66894611
-101271593
-11708118
-113959264
24275543
23531589
-1167400
-31531117
-56506735
-23997999
102029746
-33504561
46609719
-55031128
-47749341
-88606477
-14497370
-14986228
-16708376
-34015314
-76914270
-26812005
-31865808
-88772095
10689598
-10797469
34966790
-38412222
-55496870
-33031381
-21476367
-51501606
-27016971
-20326609
-51575017
-37780768
-21383451
9965483
21867082
-3780793
-20194642
-61037522
49371383
-24053862
-90398917
-62327708
-2068943
-18778977
10607083
-67014015
-90139021
-32249666
28114163
28222483
-10196738
-54808373
-25101972
21709986
-6276570
-17820734
27793312
-24915863
-56907804
-12279184
42466353
-60104407
7900684
51065253
-34169464
16382637
-28319746
-26284537
26240849
20042026
-65733583
14014863
-37991436
57651191
11235222
-74979657
-37145315
-36223203
2183087
-6384003
-37202742
-14522479
13571006
20698426
25625
-6561908
-65573845
8352366
57489930
3165907
39896631
15570851
-7407692
12057503
37255512
-5434371
-61510835
16813163
-27492596
-6815052
-14577002
-100308098
8857694
-55205083
-108120223
-14073435
10243067
-8375861
25118469
15157153
434535
68963193
-2354594
-51357548
35572873
-58314521
-7378740
-15033799
-56242311
-41846014
-72298023
96471562
-26661047
14028546
-11189125
-44662799
7812714
86591214
-68751017
10881223
-22513723
-14066699
6177187
48715538
-17874525
-64018015
23676748
6990335
-27716242
-18856719
28203411
90956638
-106189317
-80656986
-29611677
4599260
-13544362
-55024506
30979841
16893251
29268403
-12353513
-50022463
-39308411
56082530
2963374
-73314906
66115278
35195946
-40186409
-48211339
40162030
-52302866
54137481
-60865899
51933249
-73853349
40084924
41587756
-35372330
-17030686
17778864
-41625142
1165048
-38043907
32835014
-13857325
422776
-82390981
36550177
49390843
-24837562
-20584726
26299019
50394694
-36809688
-26146233
6161008
-354037
-73424092
-3794357
-35928281
-12642185
40987019
52555997
42736227
45246104
-48483521
4204329
-44237543
-27921277
-30317458
11518618
9186657
32642039
17115587
20417661
52170879
28272805
-23337593
-31969370
-23509923
-8169365
-21003421
59963701
34530722
5581750
-35772384
10550567
-65319384
17003071
19557235
-18949083
64843577
68504368
-11117972
-73481542
-19389670
-31714153
-16474146
-561592
-38559166
4017329
20186734
16415854
-26969775
-80238808
55690362
53260452
-19484295
-10330753
73142574
-27058190
19630056
-25968922
-18260660
-46045205
113363225
32039064
15992848
44612334
66541642
2255399
50944325
35286105
-74622393
-18820668
12297777
-81796700
66232232
101005417
-30330771
-12159090
-16160772
-5639626
-22850633
-56877516
1259455
-18358009
-18718083
386933
-68436660
-53028456
57252098
-3015436
26730199
31269119
-65758300
31937525
-81089511
-65017426
-33692386
39582418
-10455024
18362378
16370808
51124498
-5708133
9901171
-3821142
-29107595
-59991090
-60334975
-9933450
-71382407
-39897645
-32879445
-31478302
13032729
-52131757
-59218735
38279003
-44713635
590226
-53323343
3919792
-63452374
21954841
-528369
9592832
-38822896
-9509432
26526607
-24264299
45770472
-23510362
-57030359
-21026235
-67896509
34124546
-13335820
-2629152
9023217
77392422
643374
37723055
8013467
-20322080
-50320511
-16432392
-16499675
-60118673
-40388392
-56490794
-12282171
-71636470
-16063263
420658
-1599154
-15523473
-29259263
50460229
-13657608
-6186298
22928078
-85216971
10536465
-34836620
67496657
-35986489
10512591
35854369
-14281393
-32145404
38682456
-34691649
15681212
-174705
12304072
21439903
15331174
-33158098
-17704647
-68850162
-25796516
-50072923
-7838415
53090319
-21953412
-52012786
-21802573
-47589760
-49688541
37425549
-14768799
77445683
-23099097
-54229942
23671939
-83940565
-84104429
-12667959
-37909816
-64880724
-32817487
-5426835
-26702116
-21263432
-56757845
-134775
1881960
-101978487
78039161
41505855
-4842552
54107848
-39848989
-11571511
-47309886
-67491003
-21074242
33952240
-41128230
-40271812
39229679
5628504
-35706815
-40129221
-7314317
-30285618
3621639
-55496304
-66398939
31857296
-11832511
17106004
-32260800
10631023
6311785
-5447277
-6432555
-30125154
-27616784
111213365
-42452456
44542530
110372292
-54667821
13179694
-6906341
9848447
-26768898
-77615031
46317788
-42284660
20138954
-18171968
-87739470
51040386
3362760
-1546893
41659499
28441421
30506879
36618360
-1671612
51529149
